aclew_child_id,segment,segment_dur,xds_min,sample,sample_type,xds_mph,ods_min,ods_mph,tds_min,tds_mph,cds_min,cds_mph,homebank_child_id,other_child_id,age_mo_round,age,age_childes,child_sex,mat_ed_yr,mat_ed,fat_ed,length_of_recording,start_of_recording,number_older_sibs,mother_age,father_age,household_size,premature,region,serious_medical_issues,ses_details,Comments,tchiyr.m,motyr.m,nsb.m,hsz.m,tchiyr.sd,motyr.sd,nsb.sd,hsz.sd,rec.start.hr,rec.stop.hr,order,n_spkrs_clip,start.hr,prop_tds,xds_mph.nz,ods_mph.nz,tds_mph.nz,cds_mph.nz,tchiyr.std,chisx.std,mated.std,mated.bin,motyr.std,nsb.std,hsz.std,nsk.std,stthr.std,stthr.tri,stthr.tri.a,stthr.tri.o,Sample,stthr.tri.centered,SplitAge
0643,extension_tt-1,5,1.588,turn-taking,extension,19.056,0.327,3.924,1.261,15.131999999999998,1.395,16.740000000000002,CM50,M-F40-C01,2,01m;25d,0;01.25,M,0,none,secondary,41391,07:57:38,5,25.9,33.8,7,unknown,Southern Mexico,no,agriculturalist,NA,16.1,23.63,1.1,7,12.305825178887165,4.573850796769731,1.523883926754995,3.0550504633038935,7.960555555555556,19.458055555555557,1,2,11.051,0.794080604534005,1,1,1,1,-1.145798822511396,M,none,0-5,0.4962995298410653,2.559250039669871,0,-0.36453749261974544,-0.07908333333333332,midday,midday,midday,Turn taking,midday,Under 1;0
0643,tt-1,1,0.269,turn-taking,turn-taking,16.14,0,0,0.269,16.14,0.269,16.14,CM50,M-F40-C01,2,01m;25d,0;01.25,M,0,none,secondary,41391,07:57:38,5,25.9,33.8,7,unknown,Southern Mexico,no,agriculturalist,NA,16.1,23.63,1.1,7,12.305825178887165,4.573850796769731,1.523883926754995,3.0550504633038935,7.960555555555556,19.458055555555557,1,1,11.051,1,1,0,1,1,-1.145798822511396,M,none,0-5,0.4962995298410653,2.559250039669871,0,-1.0162863430611087,-0.07908333333333332,midday,midday,midday,Turn taking,midday,Under 1;0
0643,tt-2,1,0.51,turn-taking,turn-taking,30.6,0.464,27.84,0.046,2.76,0.282,16.919999999999998,CM50,M-F40-C01,2,01m;25d,0;01.25,M,0,none,secondary,41391,07:57:38,5,25.9,33.8,7,unknown,Southern Mexico,no,agriculturalist,NA,16.1,23.63,1.1,7,12.305825178887165,4.573850796769731,1.523883926754995,3.0550504633038935,7.960555555555556,19.458055555555557,1,3,12.93,0.09019607843137255,1,1,1,1,-1.145798822511396,M,none,0-5,0.4962995298410653,2.559250039669871,0,0.28721135782161783,0.07749999999999997,midday,midday,midday,Turn taking,midday,Under 1;0
0643,tt-3,1,0.647,turn-taking,turn-taking,38.82,0.647,38.82,0,0,0.571,34.26,CM50,M-F40-C01,2,01m;25d,0;01.25,M,0,none,secondary,41391,07:57:38,5,25.9,33.8,7,unknown,Southern Mexico,no,agriculturalist,NA,16.1,23.63,1.1,7,12.305825178887165,4.573850796769731,1.523883926754995,3.0550504633038935,7.960555555555556,19.458055555555557,1,4,14.491,0,1,1,0,1,-1.145798822511396,M,none,0-5,0.4962995298410653,2.559250039669871,0,0.9389602082629811,0.20758333333333331,afternoon,afternoon,afternoon,Turn taking,afternoon,Under 1;0
0643,tt-4,1,0.786,turn-taking,turn-taking,47.160000000000004,0.544,32.64,0.242,14.52,0.629,37.74,CM50,M-F40-C01,2,01m;25d,0;01.25,M,0,none,secondary,41391,07:57:38,5,25.9,33.8,7,unknown,Southern Mexico,no,agriculturalist,NA,16.1,23.63,1.1,7,12.305825178887165,4.573850796769731,1.523883926754995,3.0550504633038935,7.960555555555556,19.458055555555557,1,6,15.424,0.30788804071246817,1,1,1,1,-1.145798822511396,M,none,0-5,0.4962995298410653,2.559250039669871,0,2.2424579091457075,0.28533333333333327,afternoon,afternoon,afternoon,Turn taking,afternoon,Under 1;0
0643,tt-5,1,0.525,turn-taking,turn-taking,31.5,0.518,31.080000000000002,0.007,0.42,0.129,7.74,CM50,M-F40-C01,2,01m;25d,0;01.25,M,0,none,secondary,41391,07:57:38,5,25.9,33.8,7,unknown,Southern Mexico,no,agriculturalist,NA,16.1,23.63,1.1,7,12.305825178887165,4.573850796769731,1.523883926754995,3.0550504633038935,7.960555555555556,19.458055555555557,1,4,16.277,0.013333333333333332,1,1,1,1,-1.145798822511396,M,none,0-5,0.4962995298410653,2.559250039669871,0,0.9389602082629811,0.35641666666666677,afternoon,afternoon,afternoon,Turn taking,afternoon,Under 1;0
2109,extension_tt-3,5,0.182,turn-taking,extension,2.184,0,0,0.182,2.184,0.182,2.184,CM23,M-F17-C01,7,07m;15d,0;07.15,F,5,primary,secondary,36139,08:43:56,0,24.2,18.7,8,unknown,Southern Mexico,no,agriculturalist,NA,16.1,23.63,1.1,7,12.305825178887165,4.573850796769731,1.523883926754995,3.0550504633038935,8.732222222222223,18.770833333333336,4,1,13.051,1,1,0,1,1,-0.7394871833229577,F,primary,0-5,0.12462146784555393,-0.7218397547786817,0.32732683535398854,-1.0162863430611087,0.08758333333333335,afternoon,afternoon,afternoon,Turn taking,afternoon,Under 1;0
2109,tt-1,1,0.627,turn-taking,turn-taking,37.62,0,0,0.627,37.62,0.627,37.62,CM23,M-F17-C01,7,07m;15d,0;07.15,F,5,primary,secondary,36139,08:43:56,0,24.2,18.7,8,unknown,Southern Mexico,no,agriculturalist,NA,16.1,23.63,1.1,7,12.305825178887165,4.573850796769731,1.523883926754995,3.0550504633038935,8.732222222222223,18.770833333333336,4,1,9.933,1,1,0,1,1,-0.7394871833229577,F,primary,0-5,0.12462146784555393,-0.7218397547786817,0.32732683535398854,-1.0162863430611087,-0.17225000000000001,morning,morning,morning,Turn taking,morning,Under 1;0
2109,tt-2,1,0.322,turn-taking,turn-taking,19.32,0.123,7.38,0.199,11.940000000000001,0.199,11.940000000000001,CM23,M-F17-C01,7,07m;15d,0;07.15,F,5,primary,secondary,36139,08:43:56,0,24.2,18.7,8,unknown,Southern Mexico,no,agriculturalist,NA,16.1,23.63,1.1,7,12.305825178887165,4.573850796769731,1.523883926754995,3.0550504633038935,8.732222222222223,18.770833333333336,4,1,12.809,0.6180124223602484,1,1,1,1,-0.7394871833229577,F,primary,0-5,0.12462146784555393,-0.7218397547786817,0.32732683535398854,-1.0162863430611087,0.06741666666666661,midday,midday,midday,Turn taking,midday,Under 1;0
2109,tt-3,1,0.278,turn-taking,turn-taking,16.68,0.008,0.48,0.271,16.26,0.271,16.26,CM23,M-F17-C01,7,07m;15d,0;07.15,F,5,primary,secondary,36139,08:43:56,0,24.2,18.7,8,unknown,Southern Mexico,no,agriculturalist,NA,16.1,23.63,1.1,7,12.305825178887165,4.573850796769731,1.523883926754995,3.0550504633038935,8.732222222222223,18.770833333333336,4,1,13.13,0.974820143884892,1,1,1,1,-0.7394871833229577,F,primary,0-5,0.12462146784555393,-0.7218397547786817,0.32732683535398854,-1.0162863430611087,0.09416666666666673,afternoon,afternoon,afternoon,Turn taking,afternoon,Under 1;0
2109,tt-4,1,0.146,turn-taking,turn-taking,8.76,0,0,0.146,8.76,0.146,8.76,CM23,M-F17-C01,7,07m;15d,0;07.15,F,5,primary,secondary,36139,08:43:56,0,24.2,18.7,8,unknown,Southern Mexico,no,agriculturalist,NA,16.1,23.63,1.1,7,12.305825178887165,4.573850796769731,1.523883926754995,3.0550504633038935,8.732222222222223,18.770833333333336,4,1,15.493,1,1,0,1,1,-0.7394871833229577,F,primary,0-5,0.12462146784555393,-0.7218397547786817,0.32732683535398854,-1.0162863430611087,0.29108333333333336,afternoon,afternoon,afternoon,Turn taking,afternoon,Under 1;0
2109,tt-5,1,0.17,turn-taking,turn-taking,10.200000000000001,0.006,0.36,0.164,9.84,0.164,9.84,CM23,M-F17-C01,7,07m;15d,0;07.15,F,5,primary,secondary,36139,08:43:56,0,24.2,18.7,8,unknown,Southern Mexico,no,agriculturalist,NA,16.1,23.63,1.1,7,12.305825178887165,4.573850796769731,1.523883926754995,3.0550504633038935,8.732222222222223,18.770833333333336,4,1,15.732,0.9647058823529412,1,1,1,1,-0.7394871833229577,F,primary,0-5,0.12462146784555393,-0.7218397547786817,0.32732683535398854,-1.0162863430611087,0.31099999999999994,afternoon,afternoon,afternoon,Turn taking,afternoon,Under 1;0
2625,extension_tt-2,5,1.887,turn-taking,extension,22.644000000000002,1.456,17.472,0.432,5.184,1.323,15.876,CM47,M-F37-C02,32,32m;05d,2;08.05,F,8,secondary,secondary,36645,08:22:41,1,27.9,25.4,4,unknown,Southern Mexico,no,agriculturalist,NA,16.1,23.63,1.1,7,12.305825178887165,4.573850796769731,1.523883926754995,3.0550504633038935,8.378055555555555,18.557222222222222,9,4,10.806,0.22893481717011127,1,1,1,1,1.2920710126192334,F,secondary,6+,0.9335678380710789,-0.06562179588897112,-0.9819805060619656,0.9389602082629811,-0.09950000000000007,morning,morning,morning,Turn taking,morning,1;0+
2625,tt-1,1,0.623,turn-taking,turn-taking,37.38,0.258,15.48,0.365,21.9,0.381,22.86,CM47,M-F37-C02,32,32m;05d,2;08.05,F,8,secondary,secondary,36645,08:22:41,1,27.9,25.4,4,unknown,Southern Mexico,no,agriculturalist,NA,16.1,23.63,1.1,7,12.305825178887165,4.573850796769731,1.523883926754995,3.0550504633038935,8.378055555555555,18.557222222222222,9,3,10.789,0.5858747993579454,1,1,1,1,1.2920710126192334,F,secondary,6+,0.9335678380710789,-0.06562179588897112,-0.9819805060619656,0.28721135782161783,-0.1009166666666667,morning,morning,morning,Turn taking,morning,1;0+
2625,tt-2,1,0.482,turn-taking,turn-taking,28.919999999999998,0.062,3.7199999999999998,0.42,25.2,0.45,27,CM47,M-F37-C02,32,32m;05d,2;08.05,F,8,secondary,secondary,36645,08:22:41,1,27.9,25.4,4,unknown,Southern Mexico,no,agriculturalist,NA,16.1,23.63,1.1,7,12.305825178887165,4.573850796769731,1.523883926754995,3.0550504633038935,8.378055555555555,18.557222222222222,9,2,10.806,0.8713692946058091,1,1,1,1,1.2920710126192334,F,secondary,6+,0.9335678380710789,-0.06562179588897112,-0.9819805060619656,-0.36453749261974544,-0.09950000000000007,morning,morning,morning,Turn taking,morning,1;0+
2625,tt-3,1,0.396,turn-taking,turn-taking,23.76,0.02,1.2,0.376,22.56,0.376,22.56,CM47,M-F37-C02,32,32m;05d,2;08.05,F,8,secondary,secondary,36645,08:22:41,1,27.9,25.4,4,unknown,Southern Mexico,no,agriculturalist,NA,16.1,23.63,1.1,7,12.305825178887165,4.573850796769731,1.523883926754995,3.0550504633038935,8.378055555555555,18.557222222222222,9,1,11.149,0.9494949494949495,1,1,1,1,1.2920710126192334,F,secondary,6+,0.9335678380710789,-0.06562179588897112,-0.9819805060619656,-1.0162863430611087,-0.07091666666666674,midday,midday,midday,Turn taking,midday,1;0+
2625,tt-4,1,0.072,turn-taking,turn-taking,4.319999999999999,0.011,0.6599999999999999,0.061,3.66,0.061,3.66,CM47,M-F37-C02,32,32m;05d,2;08.05,F,8,secondary,secondary,36645,08:22:41,1,27.9,25.4,4,unknown,Southern Mexico,no,agriculturalist,NA,16.1,23.63,1.1,7,12.305825178887165,4.573850796769731,1.523883926754995,3.0550504633038935,8.378055555555555,18.557222222222222,9,1,17.462,0.8472222222222223,1,1,1,1,1.2920710126192334,F,secondary,6+,0.9335678380710789,-0.06562179588897112,-0.9819805060619656,-1.0162863430611087,0.45516666666666666,afternoon,afternoon,afternoon,Turn taking,afternoon,1;0+
2625,tt-5,1,0.308,turn-taking,turn-taking,18.48,0.078,4.68,0.23,13.8,0.23,13.8,CM47,M-F37-C02,32,32m;05d,2;08.05,F,8,secondary,secondary,36645,08:22:41,1,27.9,25.4,4,unknown,Southern Mexico,no,agriculturalist,NA,16.1,23.63,1.1,7,12.305825178887165,4.573850796769731,1.523883926754995,3.0550504633038935,8.378055555555555,18.557222222222222,9,2,17.587,0.7467532467532468,1,1,1,1,1.2920710126192334,F,secondary,6+,0.9335678380710789,-0.06562179588897112,-0.9819805060619656,-0.36453749261974544,0.4655833333333333,afternoon,afternoon,afternoon,Turn taking,afternoon,1;0+
3026,extension_tt-4,5,0.556,turn-taking,extension,6.672000000000001,0.162,1.944,0.394,4.728000000000001,0.394,4.728000000000001,CM55,M-F43-C02,36,36m;02d,3;00.02,M,5,primary,primary,42412,08:19:52,2,27.8,34.4,5,unknown,Southern Mexico,no,agriculturalist,NA,16.1,23.63,1.1,7,12.305825178887165,4.573850796769731,1.523883926754995,3.0550504633038935,8.331111111111111,20.112222222222222,10,2,12.85,0.7086330935251798,1,1,1,1,1.617120323969984,M,primary,0-5,0.9117044226595786,0.5905961630007395,-0.6546536707079771,-0.36453749261974544,0.0708333333333333,midday,midday,midday,Turn taking,midday,1;0+
3026,tt-1,1,0.097,turn-taking,turn-taking,5.82,0.05,3,0.046,2.76,0.046,2.76,CM55,M-F43-C02,36,36m;02d,3;00.02,M,5,primary,primary,42412,08:19:52,2,27.8,34.4,5,unknown,Southern Mexico,no,agriculturalist,NA,16.1,23.63,1.1,7,12.305825178887165,4.573850796769731,1.523883926754995,3.0550504633038935,8.331111111111111,20.112222222222222,10,2,8.793,0.4742268041237113,1,1,1,1,1.617120323969984,M,primary,0-5,0.9117044226595786,0.5905961630007395,-0.6546536707079771,-0.36453749261974544,-0.26725000000000004,morning,morning,morning,Turn taking,morning,1;0+
3026,tt-2,1,0.124,turn-taking,turn-taking,7.4399999999999995,0.042,2.52,0.082,4.92,0.082,4.92,CM55,M-F43-C02,36,36m;02d,3;00.02,M,5,primary,primary,42412,08:19:52,2,27.8,34.4,5,unknown,Southern Mexico,no,agriculturalist,NA,16.1,23.63,1.1,7,12.305825178887165,4.573850796769731,1.523883926754995,3.0550504633038935,8.331111111111111,20.112222222222222,10,2,9.652,0.6612903225806452,1,1,1,1,1.617120323969984,M,primary,0-5,0.9117044226595786,0.5905961630007395,-0.6546536707079771,-0.36453749261974544,-0.19566666666666674,morning,morning,morning,Turn taking,morning,1;0+
3026,tt-3,1,0.465,turn-taking,turn-taking,27.900000000000002,0.199,11.940000000000001,0.266,15.96,0.266,15.96,CM55,M-F43-C02,36,36m;02d,3;00.02,M,5,primary,primary,42412,08:19:52,2,27.8,34.4,5,unknown,Southern Mexico,no,agriculturalist,NA,16.1,23.63,1.1,7,12.305825178887165,4.573850796769731,1.523883926754995,3.0550504633038935,8.331111111111111,20.112222222222222,10,2,11.932,0.5720430107526882,1,1,1,1,1.617120323969984,M,primary,0-5,0.9117044226595786,0.5905961630007395,-0.6546536707079771,-0.36453749261974544,-0.005666666666666635,midday,midday,midday,Turn taking,midday,1;0+
3026,tt-4,1,0.085,turn-taking,turn-taking,5.1000000000000005,0.013,0.7799999999999999,0.072,4.319999999999999,0.072,4.319999999999999,CM55,M-F43-C02,36,36m;02d,3;00.02,M,5,primary,primary,42412,08:19:52,2,27.8,34.4,5,unknown,Southern Mexico,no,agriculturalist,NA,16.1,23.63,1.1,7,12.305825178887165,4.573850796769731,1.523883926754995,3.0550504633038935,8.331111111111111,20.112222222222222,10,1,12.918,0.8470588235294116,1,1,1,1,1.617120323969984,M,primary,0-5,0.9117044226595786,0.5905961630007395,-0.6546536707079771,-1.0162863430611087,0.07649999999999994,midday,midday,midday,Turn taking,midday,1;0+
3026,tt-5,1,0.412,turn-taking,turn-taking,24.72,0.225,13.5,0.187,11.22,0.255,15.3,CM55,M-F43-C02,36,36m;02d,3;00.02,M,5,primary,primary,42412,08:19:52,2,27.8,34.4,5,unknown,Southern Mexico,no,agriculturalist,NA,16.1,23.63,1.1,7,12.305825178887165,4.573850796769731,1.523883926754995,3.0550504633038935,8.331111111111111,20.112222222222222,10,3,15.527,0.4538834951456311,1,1,1,1,1.617120323969984,M,primary,0-5,0.9117044226595786,0.5905961630007395,-0.6546536707079771,0.28721135782161783,0.2939166666666666,afternoon,afternoon,afternoon,Turn taking,afternoon,1;0+
6216,extension_tt-3,5,2.276,turn-taking,extension,27.311999999999998,1.333,15.996,0.943,11.315999999999999,0.943,11.315999999999999,CM25,M-F19-C01,27,26m;25d,2;02.25,F,5,primary,primary,32539,09:29:48,0,17.1,19.3,4,unknown,Southern Mexico,no,agriculturalist,NA,16.1,23.63,1.1,7,12.305825178887165,4.573850796769731,1.523883926754995,3.0550504633038935,9.496666666666666,18.53527777777778,8,2,11.103,0.41432337434094907,1,1,1,1,0.8857593734307952,F,primary,0-5,-1.4276810263709938,-0.7218397547786817,-0.9819805060619656,-0.36453749261974544,-0.07475000000000002,midday,midday,midday,Turn taking,midday,1;0+
6216,tt-1,1,0.448,turn-taking,turn-taking,26.88,0.013,0.7799999999999999,0.435,26.1,0.435,26.1,CM25,M-F19-C01,27,26m;25d,2;02.25,F,5,primary,primary,32539,09:29:48,0,17.1,19.3,4,unknown,Southern Mexico,no,agriculturalist,NA,16.1,23.63,1.1,7,12.305825178887165,4.573850796769731,1.523883926754995,3.0550504633038935,9.496666666666666,18.53527777777778,8,1,9.571,0.9709821428571428,1,1,1,1,0.8857593734307952,F,primary,0-5,-1.4276810263709938,-0.7218397547786817,-0.9819805060619656,-1.0162863430611087,-0.2024166666666667,morning,morning,morning,Turn taking,morning,1;0+
6216,tt-2,1,0.428,turn-taking,turn-taking,25.68,0.021,1.26,0.407,24.419999999999998,0.407,24.419999999999998,CM25,M-F19-C01,27,26m;25d,2;02.25,F,5,primary,primary,32539,09:29:48,0,17.1,19.3,4,unknown,Southern Mexico,no,agriculturalist,NA,16.1,23.63,1.1,7,12.305825178887165,4.573850796769731,1.523883926754995,3.0550504633038935,9.496666666666666,18.53527777777778,8,1,10.571,0.9509345794392523,1,1,1,1,0.8857593734307952,F,primary,0-5,-1.4276810263709938,-0.7218397547786817,-0.9819805060619656,-1.0162863430611087,-0.11908333333333336,morning,morning,morning,Turn taking,morning,1;0+
6216,tt-3,1,0.748,turn-taking,turn-taking,44.88,0.368,22.08,0.38,22.8,0.38,22.8,CM25,M-F19-C01,27,26m;25d,2;02.25,F,5,primary,primary,32539,09:29:48,0,17.1,19.3,4,unknown,Southern Mexico,no,agriculturalist,NA,16.1,23.63,1.1,7,12.305825178887165,4.573850796769731,1.523883926754995,3.0550504633038935,9.496666666666666,18.53527777777778,8,2,11.103,0.5080213903743316,1,1,1,1,0.8857593734307952,F,primary,0-5,-1.4276810263709938,-0.7218397547786817,-0.9819805060619656,-0.36453749261974544,-0.07475000000000002,midday,midday,midday,Turn taking,midday,1;0+
6216,tt-4,1,0.53,turn-taking,turn-taking,31.8,0.018,1.0799999999999998,0.512,30.72,0.512,30.72,CM25,M-F19-C01,27,26m;25d,2;02.25,F,5,primary,primary,32539,09:29:48,0,17.1,19.3,4,unknown,Southern Mexico,no,agriculturalist,NA,16.1,23.63,1.1,7,12.305825178887165,4.573850796769731,1.523883926754995,3.0550504633038935,9.496666666666666,18.53527777777778,8,2,14.271,0.9660377358490566,1,1,1,1,0.8857593734307952,F,primary,0-5,-1.4276810263709938,-0.7218397547786817,-0.9819805060619656,-0.36453749261974544,0.18925000000000006,afternoon,afternoon,afternoon,Turn taking,afternoon,1;0+
6216,tt-5,1,0.116,turn-taking,turn-taking,6.96,0.02,1.2,0.096,5.76,0.096,5.76,CM25,M-F19-C01,27,26m;25d,2;02.25,F,5,primary,primary,32539,09:29:48,0,17.1,19.3,4,unknown,Southern Mexico,no,agriculturalist,NA,16.1,23.63,1.1,7,12.305825178887165,4.573850796769731,1.523883926754995,3.0550504633038935,9.496666666666666,18.53527777777778,8,1,16.256,0.8275862068965517,1,1,1,1,0.8857593734307952,F,primary,0-5,-1.4276810263709938,-0.7218397547786817,-0.9819805060619656,-1.0162863430611087,0.3546666666666667,afternoon,afternoon,afternoon,Turn taking,afternoon,1;0+
7176,extension_tt-4,5,1.593,turn-taking,extension,19.116,1.446,17.352,0.148,1.7759999999999998,0.538,6.456,CM07,M-F05-C01,4,03m;18d,0;03.18,M,12,preparatory,preparatory,34852,08:24:07,1,21.6,25.5,8,unknown,Southern Mexico,no,agriculturalist,NA,16.1,23.63,1.1,7,12.305825178887165,4.573850796769731,1.523883926754995,3.0550504633038935,8.401944444444444,18.083055555555553,2,5,14.924,0.09290646578782172,1,1,1,1,-0.9832741668360206,M,preparatory,6+,-0.44382733285346326,-0.06562179588897112,0.32732683535398854,1.5907090587043444,0.24366666666666661,afternoon,afternoon,afternoon,Turn taking,afternoon,Under 1;0
7176,tt-1,1,0.22,turn-taking,turn-taking,13.2,0,0,0.22,13.2,0.22,13.2,CM07,M-F05-C01,4,03m;18d,0;03.18,M,12,preparatory,preparatory,34852,08:24:07,1,21.6,25.5,8,unknown,Southern Mexico,no,agriculturalist,NA,16.1,23.63,1.1,7,12.305825178887165,4.573850796769731,1.523883926754995,3.0550504633038935,8.401944444444444,18.083055555555553,2,1,13.742,1,1,0,1,1,-0.9832741668360206,M,preparatory,6+,-0.44382733285346326,-0.06562179588897112,0.32732683535398854,-1.0162863430611087,0.14516666666666675,afternoon,afternoon,afternoon,Turn taking,afternoon,Under 1;0
7176,tt-2,1,0.671,turn-taking,turn-taking,40.260000000000005,0.287,17.22,0.383,22.98,0.383,22.98,CM07,M-F05-C01,4,03m;18d,0;03.18,M,12,preparatory,preparatory,34852,08:24:07,1,21.6,25.5,8,unknown,Southern Mexico,no,agriculturalist,NA,16.1,23.63,1.1,7,12.305825178887165,4.573850796769731,1.523883926754995,3.0550504633038935,8.401944444444444,18.083055555555553,2,2,13.817,0.5707898658718331,1,1,1,1,-0.9832741668360206,M,preparatory,6+,-0.44382733285346326,-0.06562179588897112,0.32732683535398854,-0.36453749261974544,0.15141666666666667,afternoon,afternoon,afternoon,Turn taking,afternoon,Under 1;0
7176,tt-3,1,0.173,turn-taking,turn-taking,10.379999999999999,0,0,0.173,10.379999999999999,0.173,10.379999999999999,CM07,M-F05-C01,4,03m;18d,0;03.18,M,12,preparatory,preparatory,34852,08:24:07,1,21.6,25.5,8,unknown,Southern Mexico,no,agriculturalist,NA,16.1,23.63,1.1,7,12.305825178887165,4.573850796769731,1.523883926754995,3.0550504633038935,8.401944444444444,18.083055555555553,2,1,14.903,1,1,0,1,1,-0.9832741668360206,M,preparatory,6+,-0.44382733285346326,-0.06562179588897112,0.32732683535398854,-1.0162863430611087,0.2419166666666667,afternoon,afternoon,afternoon,Turn taking,afternoon,Under 1;0
7176,tt-4,1,0.3,turn-taking,turn-taking,18,0.106,6.359999999999999,0.194,11.64,0.242,14.52,CM07,M-F05-C01,4,03m;18d,0;03.18,M,12,preparatory,preparatory,34852,08:24:07,1,21.6,25.5,8,unknown,Southern Mexico,no,agriculturalist,NA,16.1,23.63,1.1,7,12.305825178887165,4.573850796769731,1.523883926754995,3.0550504633038935,8.401944444444444,18.083055555555553,2,3,14.946,0.6466666666666667,1,1,1,1,-0.9832741668360206,M,preparatory,6+,-0.44382733285346326,-0.06562179588897112,0.32732683535398854,0.28721135782161783,0.24549999999999997,afternoon,afternoon,afternoon,Turn taking,afternoon,Under 1;0
7176,tt-5,1,0.858,turn-taking,turn-taking,51.48,0.509,30.54,0.348,20.88,0.348,20.88,CM07,M-F05-C01,4,03m;18d,0;03.18,M,12,preparatory,preparatory,34852,08:24:07,1,21.6,25.5,8,unknown,Southern Mexico,no,agriculturalist,NA,16.1,23.63,1.1,7,12.305825178887165,4.573850796769731,1.523883926754995,3.0550504633038935,8.401944444444444,18.083055555555553,2,4,16.891,0.40559440559440557,1,1,1,1,-0.9832741668360206,M,preparatory,6+,-0.44382733285346326,-0.06562179588897112,0.32732683535398854,0.9389602082629811,0.4075833333333332,afternoon,afternoon,afternoon,Turn taking,afternoon,Under 1;0
7220,extension_tt-1,5,1.441,turn-taking,extension,17.292,1.136,13.632,0.305,3.66,0.38,4.56,CM17,M-F13-C01,22,22m;03d,1;10.03,F,12,preparatory,preparatory,35502,08:31:53,1,30.6,24.6,8,unknown,Southern Mexico,no,agriculturalist,NA,16.1,23.63,1.1,7,12.305825178887165,4.573850796769731,1.523883926754995,3.0550504633038935,8.53138888888889,18.393055555555556,7,6,9.772,0.21165857043719638,1,1,1,1,0.479447734242357,F,preparatory,6+,1.5238800541815978,-0.06562179588897112,0.32732683535398854,2.2424579091457075,-0.18566666666666665,morning,morning,morning,Turn taking,morning,1;0+
7220,tt-1,1,0.432,turn-taking,turn-taking,25.919999999999998,0.277,16.62,0.155,9.3,0.155,9.3,CM17,M-F13-C01,22,22m;03d,1;10.03,F,12,preparatory,preparatory,35502,08:31:53,1,30.6,24.6,8,unknown,Southern Mexico,no,agriculturalist,NA,16.1,23.63,1.1,7,12.305825178887165,4.573850796769731,1.523883926754995,3.0550504633038935,8.53138888888889,18.393055555555556,7,3,9.855,0.3587962962962963,1,1,1,1,0.479447734242357,F,preparatory,6+,1.5238800541815978,-0.06562179588897112,0.32732683535398854,0.28721135782161783,-0.17874999999999996,morning,morning,morning,Turn taking,morning,1;0+
7220,tt-2,1,0.345,turn-taking,turn-taking,20.7,0.064,3.84,0.28,16.8,0.28,16.8,CM17,M-F13-C01,22,22m;03d,1;10.03,F,12,preparatory,preparatory,35502,08:31:53,1,30.6,24.6,8,unknown,Southern Mexico,no,agriculturalist,NA,16.1,23.63,1.1,7,12.305825178887165,4.573850796769731,1.523883926754995,3.0550504633038935,8.53138888888889,18.393055555555556,7,2,9.926,0.8115942028985509,1,1,1,1,0.479447734242357,F,preparatory,6+,1.5238800541815978,-0.06562179588897112,0.32732683535398854,-0.36453749261974544,-0.1728333333333333,morning,morning,morning,Turn taking,morning,1;0+
7220,tt-3,1,0.363,turn-taking,turn-taking,21.78,0.226,13.56,0.137,8.22,0.137,8.22,CM17,M-F13-C01,22,22m;03d,1;10.03,F,12,preparatory,preparatory,35502,08:31:53,1,30.6,24.6,8,unknown,Southern Mexico,no,agriculturalist,NA,16.1,23.63,1.1,7,12.305825178887165,4.573850796769731,1.523883926754995,3.0550504633038935,8.53138888888889,18.393055555555556,7,3,9.946,0.37741046831955927,1,1,1,1,0.479447734242357,F,preparatory,6+,1.5238800541815978,-0.06562179588897112,0.32732683535398854,0.28721135782161783,-0.1711666666666667,morning,morning,morning,Turn taking,morning,1;0+
7220,tt-4,1,0.144,turn-taking,turn-taking,8.639999999999999,0.018,1.0799999999999998,0.126,7.5600000000000005,0.126,7.5600000000000005,CM17,M-F13-C01,22,22m;03d,1;10.03,F,12,preparatory,preparatory,35502,08:31:53,1,30.6,24.6,8,unknown,Southern Mexico,no,agriculturalist,NA,16.1,23.63,1.1,7,12.305825178887165,4.573850796769731,1.523883926754995,3.0550504633038935,8.53138888888889,18.393055555555556,7,3,10.035,0.8750000000000001,1,1,1,1,0.479447734242357,F,preparatory,6+,1.5238800541815978,-0.06562179588897112,0.32732683535398854,0.28721135782161783,-0.16374999999999998,morning,morning,morning,Turn taking,morning,1;0+
7220,tt-5,1,0.576,turn-taking,turn-taking,34.559999999999995,0.42,25.2,0.155,9.3,0.331,19.86,CM17,M-F13-C01,22,22m;03d,1;10.03,F,12,preparatory,preparatory,35502,08:31:53,1,30.6,24.6,8,unknown,Southern Mexico,no,agriculturalist,NA,16.1,23.63,1.1,7,12.305825178887165,4.573850796769731,1.523883926754995,3.0550504633038935,8.53138888888889,18.393055555555556,7,4,10.317,0.26909722222222227,1,1,1,1,0.479447734242357,F,preparatory,6+,1.5238800541815978,-0.06562179588897112,0.32732683535398854,0.9389602082629811,-0.14024999999999999,morning,morning,morning,Turn taking,morning,1;0+
7326,tt-1,1,0.058,turn-taking,turn-taking,3.48,0,0,0.058,3.48,0.058,3.48,CM04,M-F03-C01,14,14m;10d,1;02.10,M,0,none,primary,32899,09:21:53,0,20.6,35.6,8,unknown,Southern Mexico,no,agriculturalist,Parental DOBs estimated,16.1,23.63,1.1,7,12.305825178887165,4.573850796769731,1.523883926754995,3.0550504633038935,9.364722222222222,18.50333333333333,6,1,10.582,1,1,0,1,1,-0.17065088845914417,M,none,0-5,-0.6624614869684701,-0.7218397547786817,0.32732683535398854,-1.0162863430611087,-0.1181666666666666,morning,morning,morning,Turn taking,morning,1;0+
7326,tt-2,1,0.115,turn-taking,turn-taking,6.9,0.027,1.6199999999999999,0.088,5.279999999999999,0.088,5.279999999999999,CM04,M-F03-C01,14,14m;10d,1;02.10,M,0,none,primary,32899,09:21:53,0,20.6,35.6,8,unknown,Southern Mexico,no,agriculturalist,Parental DOBs estimated,16.1,23.63,1.1,7,12.305825178887165,4.573850796769731,1.523883926754995,3.0550504633038935,9.364722222222222,18.50333333333333,6,1,11.133,0.7652173913043477,1,1,1,1,-0.17065088845914417,M,none,0-5,-0.6624614869684701,-0.7218397547786817,0.32732683535398854,-1.0162863430611087,-0.07225000000000008,midday,midday,midday,Turn taking,midday,1;0+
7326,tt-3,1,0.727,turn-taking,turn-taking,43.62,0.636,38.160000000000004,0.091,5.46,0.091,5.46,CM04,M-F03-C01,14,14m;10d,1;02.10,M,0,none,primary,32899,09:21:53,0,20.6,35.6,8,unknown,Southern Mexico,no,agriculturalist,Parental DOBs estimated,16.1,23.63,1.1,7,12.305825178887165,4.573850796769731,1.523883926754995,3.0550504633038935,9.364722222222222,18.50333333333333,6,4,11.18,0.12517193947730398,1,1,1,1,-0.17065088845914417,M,none,0-5,-0.6624614869684701,-0.7218397547786817,0.32732683535398854,0.9389602082629811,-0.06833333333333336,midday,midday,midday,Turn taking,midday,1;0+
7326,tt-4,1,0.268,turn-taking,turn-taking,16.080000000000002,0.041,2.46,0.226,13.56,0.226,13.56,CM04,M-F03-C01,14,14m;10d,1;02.10,M,0,none,primary,32899,09:21:53,0,20.6,35.6,8,unknown,Southern Mexico,no,agriculturalist,Parental DOBs estimated,16.1,23.63,1.1,7,12.305825178887165,4.573850796769731,1.523883926754995,3.0550504633038935,9.364722222222222,18.50333333333333,6,1,13.302,0.8432835820895522,1,1,1,1,-0.17065088845914417,M,none,0-5,-0.6624614869684701,-0.7218397547786817,0.32732683535398854,-1.0162863430611087,0.10849999999999997,afternoon,afternoon,afternoon,Turn taking,afternoon,1;0+
7326,tt-5,1,0.466,turn-taking,turn-taking,27.96,0,0,0.466,27.96,0.466,27.96,CM04,M-F03-C01,14,14m;10d,1;02.10,M,0,none,primary,32899,09:21:53,0,20.6,35.6,8,unknown,Southern Mexico,no,agriculturalist,Parental DOBs estimated,16.1,23.63,1.1,7,12.305825178887165,4.573850796769731,1.523883926754995,3.0550504633038935,9.364722222222222,18.50333333333333,6,1,17.271,1,1,0,1,1,-0.17065088845914417,M,none,0-5,-0.6624614869684701,-0.7218397547786817,0.32732683535398854,-1.0162863430611087,0.4392500000000001,afternoon,afternoon,afternoon,Turn taking,afternoon,1;0+
8179,extension_tt-2,5,1.085,turn-taking,extension,13.02,0.388,4.656000000000001,0.697,8.363999999999999,0.729,8.748,CM11,M-F08-C01,6,05m;29d,0;05.29,F,8,secondary,preparatory,35983,08:24:53,0,17.1,22.1,14,unknown,Southern Mexico,no,agriculturalist,NA,16.1,23.63,1.1,7,12.305825178887165,4.573850796769731,1.523883926754995,3.0550504633038935,8.414722222222222,18.41,3,4,15.826,0.6423963133640552,1,1,1,1,-0.8207495111606453,F,secondary,6+,-1.4276810263709938,-0.7218397547786817,2.29128784747792,0.9389602082629811,0.31883333333333336,afternoon,afternoon,afternoon,Turn taking,afternoon,Under 1;0
8179,tt-1,1,1.187,turn-taking,turn-taking,71.22,1.013,60.779999999999994,0.175,10.5,1.029,61.739999999999995,CM11,M-F08-C01,6,05m;29d,0;05.29,F,8,secondary,preparatory,35983,08:24:53,0,17.1,22.1,14,unknown,Southern Mexico,no,agriculturalist,NA,16.1,23.63,1.1,7,12.305825178887165,4.573850796769731,1.523883926754995,3.0550504633038935,8.414722222222222,18.41,3,5,10.898,0.14743049705139005,1,1,1,1,-0.8207495111606453,F,secondary,6+,-1.4276810263709938,-0.7218397547786817,2.29128784747792,1.5907090587043444,-0.09183333333333336,morning,morning,morning,Turn taking,morning,Under 1;0
8179,tt-2,1,0.649,turn-taking,turn-taking,38.94,0.327,19.62,0.322,19.32,0.322,19.32,CM11,M-F08-C01,6,05m;29d,0;05.29,F,8,secondary,preparatory,35983,08:24:53,0,17.1,22.1,14,unknown,Southern Mexico,no,agriculturalist,NA,16.1,23.63,1.1,7,12.305825178887165,4.573850796769731,1.523883926754995,3.0550504633038935,8.414722222222222,18.41,3,4,15.909,0.49614791987673346,1,1,1,1,-0.8207495111606453,F,secondary,6+,-1.4276810263709938,-0.7218397547786817,2.29128784747792,0.9389602082629811,0.32575000000000004,afternoon,afternoon,afternoon,Turn taking,afternoon,Under 1;0
8179,tt-3,1,0.445,turn-taking,turn-taking,26.7,0.01,0.6,0.435,26.1,0.435,26.1,CM11,M-F08-C01,6,05m;29d,0;05.29,F,8,secondary,preparatory,35983,08:24:53,0,17.1,22.1,14,unknown,Southern Mexico,no,agriculturalist,NA,16.1,23.63,1.1,7,12.305825178887165,4.573850796769731,1.523883926754995,3.0550504633038935,8.414722222222222,18.41,3,2,15.93,0.9775280898876404,1,1,1,1,-0.8207495111606453,F,secondary,6+,-1.4276810263709938,-0.7218397547786817,2.29128784747792,-0.36453749261974544,0.32749999999999996,afternoon,afternoon,afternoon,Turn taking,afternoon,Under 1;0
8179,tt-4,1,0.714,turn-taking,turn-taking,42.839999999999996,0.222,13.32,0.493,29.58,0.508,30.48,CM11,M-F08-C01,6,05m;29d,0;05.29,F,8,secondary,preparatory,35983,08:24:53,0,17.1,22.1,14,unknown,Southern Mexico,no,agriculturalist,NA,16.1,23.63,1.1,7,12.305825178887165,4.573850796769731,1.523883926754995,3.0550504633038935,8.414722222222222,18.41,3,5,15.959,0.6904761904761905,1,1,1,1,-0.8207495111606453,F,secondary,6+,-1.4276810263709938,-0.7218397547786817,2.29128784747792,1.5907090587043444,0.32991666666666664,afternoon,afternoon,afternoon,Turn taking,afternoon,Under 1;0
8179,tt-5,1,0.617,turn-taking,turn-taking,37.019999999999996,0.205,12.299999999999999,0.412,24.72,0.412,24.72,CM11,M-F08-C01,6,05m;29d,0;05.29,F,8,secondary,preparatory,35983,08:24:53,0,17.1,22.1,14,unknown,Southern Mexico,no,agriculturalist,NA,16.1,23.63,1.1,7,12.305825178887165,4.573850796769731,1.523883926754995,3.0550504633038935,8.414722222222222,18.41,3,4,16.012,0.6677471636952999,1,1,1,1,-0.8207495111606453,F,secondary,6+,-1.4276810263709938,-0.7218397547786817,2.29128784747792,0.9389602082629811,0.33433333333333337,afternoon,afternoon,afternoon,Turn taking,afternoon,Under 1;0
8787,extension_tt-2,5,3.46,turn-taking,extension,41.519999999999996,2.24,26.880000000000003,1.22,14.64,1.22,14.64,CM38,M-F29-C01,11,10m;21d,0;10.21,M,8,secondary,secondary,37785,07:55:28,1,23.5,23.3,4,unknown,Southern Mexico,no,agriculturalist,NA,16.1,23.63,1.1,7,12.305825178887165,4.573850796769731,1.523883926754995,3.0550504633038935,7.924444444444445,18.420277777777777,5,2,10.433,0.35260115606936415,1,1,1,1,-0.4144378719722071,M,secondary,6+,-0.028422440034950664,-0.06562179588897112,-0.9819805060619656,-0.36453749261974544,-0.13058333333333336,morning,morning,morning,Turn taking,morning,Under 1;0
8787,tt-1,1,0.436,turn-taking,turn-taking,26.16,0.286,17.16,0.15,9,0.15,9,CM38,M-F29-C01,11,10m;21d,0;10.21,M,8,secondary,secondary,37785,07:55:28,1,23.5,23.3,4,unknown,Southern Mexico,no,agriculturalist,NA,16.1,23.63,1.1,7,12.305825178887165,4.573850796769731,1.523883926754995,3.0550504633038935,7.924444444444445,18.420277777777777,5,2,9.307,0.3440366972477064,1,1,1,1,-0.4144378719722071,M,secondary,6+,-0.028422440034950664,-0.06562179588897112,-0.9819805060619656,-0.36453749261974544,-0.22441666666666663,morning,morning,morning,Turn taking,morning,Under 1;0
8787,tt-2,1,0.481,turn-taking,turn-taking,28.86,0.15,9,0.331,19.86,0.331,19.86,CM38,M-F29-C01,11,10m;21d,0;10.21,M,8,secondary,secondary,37785,07:55:28,1,23.5,23.3,4,unknown,Southern Mexico,no,agriculturalist,NA,16.1,23.63,1.1,7,12.305825178887165,4.573850796769731,1.523883926754995,3.0550504633038935,7.924444444444445,18.420277777777777,5,2,10.433,0.6881496881496882,1,1,1,1,-0.4144378719722071,M,secondary,6+,-0.028422440034950664,-0.06562179588897112,-0.9819805060619656,-0.36453749261974544,-0.13058333333333336,morning,morning,morning,Turn taking,morning,Under 1;0
8787,tt-3,1,0.703,turn-taking,turn-taking,42.18,0.542,32.52,0.162,9.72,0.298,17.88,CM38,M-F29-C01,11,10m;21d,0;10.21,M,8,secondary,secondary,37785,07:55:28,1,23.5,23.3,4,unknown,Southern Mexico,no,agriculturalist,NA,16.1,23.63,1.1,7,12.305825178887165,4.573850796769731,1.523883926754995,3.0550504633038935,7.924444444444445,18.420277777777777,5,5,13.983,0.23044096728307256,1,1,1,1,-0.4144378719722071,M,secondary,6+,-0.028422440034950664,-0.06562179588897112,-0.9819805060619656,1.5907090587043444,0.16525000000000004,afternoon,afternoon,afternoon,Turn taking,afternoon,Under 1;0
8787,tt-4,1,0.577,turn-taking,turn-taking,34.62,0.449,26.94,0.128,7.68,0.169,10.14,CM38,M-F29-C01,11,10m;21d,0;10.21,M,8,secondary,secondary,37785,07:55:28,1,23.5,23.3,4,unknown,Southern Mexico,no,agriculturalist,NA,16.1,23.63,1.1,7,12.305825178887165,4.573850796769731,1.523883926754995,3.0550504633038935,7.924444444444445,18.420277777777777,5,6,14.829,0.22183708838821492,1,1,1,1,-0.4144378719722071,M,secondary,6+,-0.028422440034950664,-0.06562179588897112,-0.9819805060619656,2.2424579091457075,0.23575000000000004,afternoon,afternoon,afternoon,Turn taking,afternoon,Under 1;0
8787,tt-5,1,0.935,turn-taking,turn-taking,56.1,0.567,34.019999999999996,0.368,22.08,0.478,28.68,CM38,M-F29-C01,11,10m;21d,0;10.21,M,8,secondary,secondary,37785,07:55:28,1,23.5,23.3,4,unknown,Southern Mexico,no,agriculturalist,NA,16.1,23.63,1.1,7,12.305825178887165,4.573850796769731,1.523883926754995,3.0550504633038935,7.924444444444445,18.420277777777777,5,5,15.738,0.39358288770053473,1,1,1,1,-0.4144378719722071,M,secondary,6+,-0.028422440034950664,-0.06562179588897112,-0.9819805060619656,1.5907090587043444,0.31149999999999994,afternoon,afternoon,afternoon,Turn taking,afternoon,Under 1;0
0643,random-1,5,3.53,NA,NA,42.36,3.437,41.244,0.094,1.1280000000000001,1.465,17.580000000000002,CM50,M-F40-C01,2,01m;25d,0;01.25,M,0,none,secondary,41391,07:57:38,5,25.9,33.8,7,unknown,Southern Mexico,no,agriculturalist,NA,16.1,23.63,1.1,7,12.305825178887165,4.573850796769731,1.523883926754995,3.0550504633038935,7.960555555555556,19.458055555555557,1,4,8.501,0.02662889518413598,1,1,1,1,-1.145798822511396,M,none,0-5,0.4962995298410653,2.559250039669871,0,0.2234361476583778,-0.29158333333333336,morning,morning,morning,Random,morning,Under 1;0
0643,random-2,5,0.602,NA,NA,7.223999999999999,0.454,5.448,0.149,1.788,0.227,2.724,CM50,M-F40-C01,2,01m;25d,0;01.25,M,0,none,secondary,41391,07:57:38,5,25.9,33.8,7,unknown,Southern Mexico,no,agriculturalist,NA,16.1,23.63,1.1,7,12.305825178887165,4.573850796769731,1.523883926754995,3.0550504633038935,7.960555555555556,19.458055555555557,1,2,9.329,0.24750830564784054,1,1,1,1,-1.145798822511396,M,none,0-5,0.4962995298410653,2.559250039669871,0,-0.5809339839117825,-0.22258333333333327,morning,morning,morning,Random,morning,Under 1;0
0643,random-3,5,3.303,NA,NA,39.635999999999996,3.293,39.516000000000005,0.01,0.12,1.286,15.431999999999999,CM50,M-F40-C01,2,01m;25d,0;01.25,M,0,none,secondary,41391,07:57:38,5,25.9,33.8,7,unknown,Southern Mexico,no,agriculturalist,NA,16.1,23.63,1.1,7,12.305825178887165,4.573850796769731,1.523883926754995,3.0550504633038935,7.960555555555556,19.458055555555557,1,6,11.897,0.0030275507114744175,1,1,1,1,-1.145798822511396,M,none,0-5,0.4962995298410653,2.559250039669871,0,1.0278062792285383,-0.008583333333333313,midday,midday,midday,Random,midday,Under 1;0
0643,random-4,5,0.732,NA,NA,8.784,0.732,8.784,0,0,0.138,1.6560000000000001,CM50,M-F40-C01,2,01m;25d,0;01.25,M,0,none,secondary,41391,07:57:38,5,25.9,33.8,7,unknown,Southern Mexico,no,agriculturalist,NA,16.1,23.63,1.1,7,12.305825178887165,4.573850796769731,1.523883926754995,3.0550504633038935,7.960555555555556,19.458055555555557,1,3,12.084,0,1,1,0,1,-1.145798822511396,M,none,0-5,0.4962995298410653,2.559250039669871,0,-0.17874891812670238,0.006999999999999969,midday,midday,midday,Random,midday,Under 1;0
0643,random-5,5,1.349,NA,NA,16.188,1.349,16.188,0,0,0.838,10.056,CM50,M-F40-C01,2,01m;25d,0;01.25,M,0,none,secondary,41391,07:57:38,5,25.9,33.8,7,unknown,Southern Mexico,no,agriculturalist,NA,16.1,23.63,1.1,7,12.305825178887165,4.573850796769731,1.523883926754995,3.0550504633038935,7.960555555555556,19.458055555555557,1,4,12.579,0,1,1,0,1,-1.145798822511396,M,none,0-5,0.4962995298410653,2.559250039669871,0,0.2234361476583778,0.04825000000000005,midday,midday,midday,Random,midday,Under 1;0
0643,random-6,5,0.732,NA,NA,8.784,0.694,8.328,0.038,0.456,0.279,3.3480000000000003,CM50,M-F40-C01,2,01m;25d,0;01.25,M,0,none,secondary,41391,07:57:38,5,25.9,33.8,7,unknown,Southern Mexico,no,agriculturalist,NA,16.1,23.63,1.1,7,12.305825178887165,4.573850796769731,1.523883926754995,3.0550504633038935,7.960555555555556,19.458055555555557,1,4,13.617,0.05191256830601093,1,1,1,1,-1.145798822511396,M,none,0-5,0.4962995298410653,2.559250039669871,0,0.2234361476583778,0.13475000000000006,afternoon,afternoon,afternoon,Random,afternoon,Under 1;0
0643,random-7,5,1.83,NA,NA,21.96,1.83,21.96,0,0,0.415,4.9799999999999995,CM50,M-F40-C01,2,01m;25d,0;01.25,M,0,none,secondary,41391,07:57:38,5,25.9,33.8,7,unknown,Southern Mexico,no,agriculturalist,NA,16.1,23.63,1.1,7,12.305825178887165,4.573850796769731,1.523883926754995,3.0550504633038935,7.960555555555556,19.458055555555557,1,5,13.845,0,1,1,0,1,-1.145798822511396,M,none,0-5,0.4962995298410653,2.559250039669871,0,0.625621213443458,0.15375000000000005,afternoon,afternoon,afternoon,Random,afternoon,Under 1;0
0643,random-8,5,3.135,NA,NA,37.62,2.82,33.839999999999996,0.315,3.7800000000000002,1.635,19.62,CM50,M-F40-C01,2,01m;25d,0;01.25,M,0,none,secondary,41391,07:57:38,5,25.9,33.8,7,unknown,Southern Mexico,no,agriculturalist,NA,16.1,23.63,1.1,7,12.305825178887165,4.573850796769731,1.523883926754995,3.0550504633038935,7.960555555555556,19.458055555555557,1,5,15.322,0.10047846889952154,1,1,1,1,-1.145798822511396,M,none,0-5,0.4962995298410653,2.559250039669871,0,0.625621213443458,0.27683333333333326,afternoon,afternoon,afternoon,Random,afternoon,Under 1;0
0643,random-9,5,3.817,NA,NA,45.804,3.803,45.635999999999996,0.014,0.168,0.649,7.788,CM50,M-F40-C01,2,01m;25d,0;01.25,M,0,none,secondary,41391,07:57:38,5,25.9,33.8,7,unknown,Southern Mexico,no,agriculturalist,NA,16.1,23.63,1.1,7,12.305825178887165,4.573850796769731,1.523883926754995,3.0550504633038935,7.960555555555556,19.458055555555557,1,4,15.807,0.0036678019386953103,1,1,1,1,-1.145798822511396,M,none,0-5,0.4962995298410653,2.559250039669871,0,0.2234361476583778,0.31725000000000003,afternoon,afternoon,afternoon,Random,afternoon,Under 1;0
2109,random-1,5,0.418,NA,NA,5.016,0,0,0.418,5.016,0.418,5.016,CM23,M-F17-C01,7,07m;15d,0;07.15,F,5,primary,secondary,36139,08:43:56,0,24.2,18.7,8,unknown,Southern Mexico,no,agriculturalist,NA,16.1,23.63,1.1,7,12.305825178887165,4.573850796769731,1.523883926754995,3.0550504633038935,8.732222222222223,18.770833333333336,4,1,9.671,1,1,0,1,1,-0.7394871833229577,F,primary,0-5,0.12462146784555393,-0.7218397547786817,0.32732683535398854,-0.9831190496968628,-0.19408333333333339,morning,morning,morning,Random,morning,Under 1;0
2109,random-2,5,1.032,NA,NA,12.384,0.026,0.312,1.006,12.072,1.006,12.072,CM23,M-F17-C01,7,07m;15d,0;07.15,F,5,primary,secondary,36139,08:43:56,0,24.2,18.7,8,unknown,Southern Mexico,no,agriculturalist,NA,16.1,23.63,1.1,7,12.305825178887165,4.573850796769731,1.523883926754995,3.0550504633038935,8.732222222222223,18.770833333333336,4,1,9.819,0.9748062015503876,1,1,1,1,-0.7394871833229577,F,primary,0-5,0.12462146784555393,-0.7218397547786817,0.32732683535398854,-0.9831190496968628,-0.18174999999999994,morning,morning,morning,Random,morning,Under 1;0
2109,random-3,5,0,NA,NA,0,0,0,0,0,0,0,CM23,M-F17-C01,7,07m;15d,0;07.15,F,5,primary,secondary,36139,08:43:56,0,24.2,18.7,8,unknown,Southern Mexico,no,agriculturalist,NA,16.1,23.63,1.1,7,12.305825178887165,4.573850796769731,1.523883926754995,3.0550504633038935,8.732222222222223,18.770833333333336,4,0,10.392,NaN,0,0,0,0,-0.7394871833229577,F,primary,0-5,0.12462146784555393,-0.7218397547786817,0.32732683535398854,-1.385304115481943,-0.13400000000000004,morning,morning,morning,Random,morning,Under 1;0
2109,random-4,5,0,NA,NA,0,0,0,0,0,0,0,CM23,M-F17-C01,7,07m;15d,0;07.15,F,5,primary,secondary,36139,08:43:56,0,24.2,18.7,8,unknown,Southern Mexico,no,agriculturalist,NA,16.1,23.63,1.1,7,12.305825178887165,4.573850796769731,1.523883926754995,3.0550504633038935,8.732222222222223,18.770833333333336,4,0,11.779,NaN,0,0,0,0,-0.7394871833229577,F,primary,0-5,0.12462146784555393,-0.7218397547786817,0.32732683535398854,-1.385304115481943,-0.018416666666666675,midday,midday,midday,Random,midday,Under 1;0
2109,random-5,5,1.744,NA,NA,20.928,1.614,19.368000000000002,0.129,1.548,0.129,1.548,CM23,M-F17-C01,7,07m;15d,0;07.15,F,5,primary,secondary,36139,08:43:56,0,24.2,18.7,8,unknown,Southern Mexico,no,agriculturalist,NA,16.1,23.63,1.1,7,12.305825178887165,4.573850796769731,1.523883926754995,3.0550504633038935,8.732222222222223,18.770833333333336,4,2,12.671,0.07396788990825688,1,1,1,1,-0.7394871833229577,F,primary,0-5,0.12462146784555393,-0.7218397547786817,0.32732683535398854,-0.5809339839117825,0.055916666666666615,midday,midday,midday,Random,midday,Under 1;0
2109,random-6,5,0.026,NA,NA,0.312,0,0,0.026,0.312,0.026,0.312,CM23,M-F17-C01,7,07m;15d,0;07.15,F,5,primary,secondary,36139,08:43:56,0,24.2,18.7,8,unknown,Southern Mexico,no,agriculturalist,NA,16.1,23.63,1.1,7,12.305825178887165,4.573850796769731,1.523883926754995,3.0550504633038935,8.732222222222223,18.770833333333336,4,1,13.756,1,1,0,1,1,-0.7394871833229577,F,primary,0-5,0.12462146784555393,-0.7218397547786817,0.32732683535398854,-0.9831190496968628,0.14633333333333334,afternoon,afternoon,afternoon,Random,afternoon,Under 1;0
2109,random-7,5,0.942,NA,NA,11.303999999999998,0,0,0.942,11.303999999999998,0.942,11.303999999999998,CM23,M-F17-C01,7,07m;15d,0;07.15,F,5,primary,secondary,36139,08:43:56,0,24.2,18.7,8,unknown,Southern Mexico,no,agriculturalist,NA,16.1,23.63,1.1,7,12.305825178887165,4.573850796769731,1.523883926754995,3.0550504633038935,8.732222222222223,18.770833333333336,4,1,15.031,1,1,0,1,1,-0.7394871833229577,F,primary,0-5,0.12462146784555393,-0.7218397547786817,0.32732683535398854,-0.9831190496968628,0.2525833333333334,afternoon,afternoon,afternoon,Random,afternoon,Under 1;0
2109,random-8,5,0.49,NA,NA,5.88,0,0,0.49,5.88,0.49,5.88,CM23,M-F17-C01,7,07m;15d,0;07.15,F,5,primary,secondary,36139,08:43:56,0,24.2,18.7,8,unknown,Southern Mexico,no,agriculturalist,NA,16.1,23.63,1.1,7,12.305825178887165,4.573850796769731,1.523883926754995,3.0550504633038935,8.732222222222223,18.770833333333336,4,1,16.82,1,1,0,1,1,-0.7394871833229577,F,primary,0-5,0.12462146784555393,-0.7218397547786817,0.32732683535398854,-0.9831190496968628,0.40166666666666667,afternoon,afternoon,afternoon,Random,afternoon,Under 1;0
2109,random-9,5,1.523,NA,NA,18.276,1.036,12.432,0.486,5.832,0.486,5.832,CM23,M-F17-C01,7,07m;15d,0;07.15,F,5,primary,secondary,36139,08:43:56,0,24.2,18.7,8,unknown,Southern Mexico,no,agriculturalist,NA,16.1,23.63,1.1,7,12.305825178887165,4.573850796769731,1.523883926754995,3.0550504633038935,8.732222222222223,18.770833333333336,4,2,17.514,0.31910702560735393,1,1,1,1,-0.7394871833229577,F,primary,0-5,0.12462146784555393,-0.7218397547786817,0.32732683535398854,-0.5809339839117825,0.45949999999999996,afternoon,afternoon,afternoon,Random,afternoon,Under 1;0
2625,random-1,5,0.132,NA,NA,1.584,0.016,0.192,0.115,1.38,0.132,1.584,CM47,M-F37-C02,32,32m;05d,2;08.05,F,8,secondary,secondary,36645,08:22:41,1,27.9,25.4,4,unknown,Southern Mexico,no,agriculturalist,NA,16.1,23.63,1.1,7,12.305825178887165,4.573850796769731,1.523883926754995,3.0550504633038935,8.378055555555555,18.557222222222222,9,1,9.697,0.8712121212121212,1,1,1,1,1.2920710126192334,F,secondary,6+,0.9335678380710789,-0.06562179588897112,-0.9819805060619656,-0.9831190496968628,-0.19191666666666674,morning,morning,morning,Random,morning,1;0+
2625,random-2,5,1.696,NA,NA,20.352,0.435,5.22,1.261,15.131999999999998,1.456,17.472,CM47,M-F37-C02,32,32m;05d,2;08.05,F,8,secondary,secondary,36645,08:22:41,1,27.9,25.4,4,unknown,Southern Mexico,no,agriculturalist,NA,16.1,23.63,1.1,7,12.305825178887165,4.573850796769731,1.523883926754995,3.0550504633038935,8.378055555555555,18.557222222222222,9,2,11.005,0.7435141509433962,1,1,1,1,1.2920710126192334,F,secondary,6+,0.9335678380710789,-0.06562179588897112,-0.9819805060619656,-0.5809339839117825,-0.0829166666666666,midday,midday,midday,Random,midday,1;0+
2625,random-3,5,0.912,NA,NA,10.944,0.477,5.724,0.435,5.22,0.505,6.0600000000000005,CM47,M-F37-C02,32,32m;05d,2;08.05,F,8,secondary,secondary,36645,08:22:41,1,27.9,25.4,4,unknown,Southern Mexico,no,agriculturalist,NA,16.1,23.63,1.1,7,12.305825178887165,4.573850796769731,1.523883926754995,3.0550504633038935,8.378055555555555,18.557222222222222,9,2,11.777,0.47697368421052627,1,1,1,1,1.2920710126192334,F,secondary,6+,0.9335678380710789,-0.06562179588897112,-0.9819805060619656,-0.5809339839117825,-0.018583333333333396,midday,midday,midday,Random,midday,1;0+
2625,random-4,5,1.948,NA,NA,23.376,1.405,16.860000000000003,0.543,6.516,0.682,8.184000000000001,CM47,M-F37-C02,32,32m;05d,2;08.05,F,8,secondary,secondary,36645,08:22:41,1,27.9,25.4,4,unknown,Southern Mexico,no,agriculturalist,NA,16.1,23.63,1.1,7,12.305825178887165,4.573850796769731,1.523883926754995,3.0550504633038935,8.378055555555555,18.557222222222222,9,7,11.899,0.2787474332648871,1,1,1,1,1.2920710126192334,F,secondary,6+,0.9335678380710789,-0.06562179588897112,-0.9819805060619656,1.4299913450136184,-0.008416666666666739,midday,midday,midday,Random,midday,1;0+
2625,random-5,5,1.413,NA,NA,16.956,1.048,12.576,0.365,4.38,0.425,5.1,CM47,M-F37-C02,32,32m;05d,2;08.05,F,8,secondary,secondary,36645,08:22:41,1,27.9,25.4,4,unknown,Southern Mexico,no,agriculturalist,NA,16.1,23.63,1.1,7,12.305825178887165,4.573850796769731,1.523883926754995,3.0550504633038935,8.378055555555555,18.557222222222222,9,4,12.935,0.25831564048124556,1,1,1,1,1.2920710126192334,F,secondary,6+,0.9335678380710789,-0.06562179588897112,-0.9819805060619656,0.2234361476583778,0.0779166666666667,midday,midday,midday,Random,midday,1;0+
2625,random-6,5,0.684,NA,NA,8.208,0.562,6.744000000000001,0.122,1.464,0.196,2.352,CM47,M-F37-C02,32,32m;05d,2;08.05,F,8,secondary,secondary,36645,08:22:41,1,27.9,25.4,4,unknown,Southern Mexico,no,agriculturalist,NA,16.1,23.63,1.1,7,12.305825178887165,4.573850796769731,1.523883926754995,3.0550504633038935,8.378055555555555,18.557222222222222,9,3,13.506,0.1783625730994152,1,1,1,1,1.2920710126192334,F,secondary,6+,0.9335678380710789,-0.06562179588897112,-0.9819805060619656,-0.17874891812670238,0.12550000000000003,afternoon,afternoon,afternoon,Random,afternoon,1;0+
2625,random-7,5,1.709,NA,NA,20.508,1.709,20.508,0,0,1.051,12.612,CM47,M-F37-C02,32,32m;05d,2;08.05,F,8,secondary,secondary,36645,08:22:41,1,27.9,25.4,4,unknown,Southern Mexico,no,agriculturalist,NA,16.1,23.63,1.1,7,12.305825178887165,4.573850796769731,1.523883926754995,3.0550504633038935,8.378055555555555,18.557222222222222,9,3,15.979,0,1,1,0,1,1.2920710126192334,F,secondary,6+,0.9335678380710789,-0.06562179588897112,-0.9819805060619656,-0.17874891812670238,0.3315833333333333,afternoon,afternoon,afternoon,Random,afternoon,1;0+
2625,random-8,5,3.058,NA,NA,36.696,2.777,33.324,0.281,3.3720000000000003,1.681,20.172,CM47,M-F37-C02,32,32m;05d,2;08.05,F,8,secondary,secondary,36645,08:22:41,1,27.9,25.4,4,unknown,Southern Mexico,no,agriculturalist,NA,16.1,23.63,1.1,7,12.305825178887165,4.573850796769731,1.523883926754995,3.0550504633038935,8.378055555555555,18.557222222222222,9,3,16.826,0.09189012426422499,1,1,1,1,1.2920710126192334,F,secondary,6+,0.9335678380710789,-0.06562179588897112,-0.9819805060619656,-0.17874891812670238,0.40216666666666673,afternoon,afternoon,afternoon,Random,afternoon,1;0+
2625,random-9,5,1.228,NA,NA,14.735999999999999,1.228,14.735999999999999,0,0,0.602,7.223999999999999,CM47,M-F37-C02,32,32m;05d,2;08.05,F,8,secondary,secondary,36645,08:22:41,1,27.9,25.4,4,unknown,Southern Mexico,no,agriculturalist,NA,16.1,23.63,1.1,7,12.305825178887165,4.573850796769731,1.523883926754995,3.0550504633038935,8.378055555555555,18.557222222222222,9,3,17.315,0,1,1,0,1,1.2920710126192334,F,secondary,6+,0.9335678380710789,-0.06562179588897112,-0.9819805060619656,-0.17874891812670238,0.4429166666666668,afternoon,afternoon,afternoon,Random,afternoon,1;0+
3026,random-1,5,2.81,NA,NA,33.720000000000006,2.283,27.396,0.527,6.324000000000001,1.154,13.847999999999999,CM55,M-F43-C02,36,36m;02d,3;00.02,M,5,primary,primary,42412,08:19:52,2,27.8,34.4,5,unknown,Southern Mexico,no,agriculturalist,NA,16.1,23.63,1.1,7,12.305825178887165,4.573850796769731,1.523883926754995,3.0550504633038935,8.331111111111111,20.112222222222222,10,4,8.657,0.18754448398576512,1,1,1,1,1.617120323969984,M,primary,0-5,0.9117044226595786,0.5905961630007395,-0.6546536707079771,0.2234361476583778,-0.27858333333333335,morning,morning,morning,Random,morning,1;0+
3026,random-2,5,0.213,NA,NA,2.556,0.008,0.096,0.206,2.472,0.206,2.472,CM55,M-F43-C02,36,36m;02d,3;00.02,M,5,primary,primary,42412,08:19:52,2,27.8,34.4,5,unknown,Southern Mexico,no,agriculturalist,NA,16.1,23.63,1.1,7,12.305825178887165,4.573850796769731,1.523883926754995,3.0550504633038935,8.331111111111111,20.112222222222222,10,1,9.778,0.9671361502347418,1,1,1,1,1.617120323969984,M,primary,0-5,0.9117044226595786,0.5905961630007395,-0.6546536707079771,-0.9831190496968628,-0.18516666666666662,morning,morning,morning,Random,morning,1;0+
3026,random-3,5,0.98,NA,NA,11.76,0.755,9.06,0.224,2.688,0.357,4.284,CM55,M-F43-C02,36,36m;02d,3;00.02,M,5,primary,primary,42412,08:19:52,2,27.8,34.4,5,unknown,Southern Mexico,no,agriculturalist,NA,16.1,23.63,1.1,7,12.305825178887165,4.573850796769731,1.523883926754995,3.0550504633038935,8.331111111111111,20.112222222222222,10,3,10.618,0.2285714285714286,1,1,1,1,1.617120323969984,M,primary,0-5,0.9117044226595786,0.5905961630007395,-0.6546536707079771,-0.17874891812670238,-0.11516666666666664,morning,morning,morning,Random,morning,1;0+
3026,random-4,5,0.059,NA,NA,0.708,0.059,0.708,0,0,0,0,CM55,M-F43-C02,36,36m;02d,3;00.02,M,5,primary,primary,42412,08:19:52,2,27.8,34.4,5,unknown,Southern Mexico,no,agriculturalist,NA,16.1,23.63,1.1,7,12.305825178887165,4.573850796769731,1.523883926754995,3.0550504633038935,8.331111111111111,20.112222222222222,10,2,10.903,0,1,1,0,0,1.617120323969984,M,primary,0-5,0.9117044226595786,0.5905961630007395,-0.6546536707079771,-0.5809339839117825,-0.09141666666666663,morning,morning,morning,Random,morning,1;0+
3026,random-5,5,0.086,NA,NA,1.032,0.067,0.804,0.019,0.228,0.019,0.228,CM55,M-F43-C02,36,36m;02d,3;00.02,M,5,primary,primary,42412,08:19:52,2,27.8,34.4,5,unknown,Southern Mexico,no,agriculturalist,NA,16.1,23.63,1.1,7,12.305825178887165,4.573850796769731,1.523883926754995,3.0550504633038935,8.331111111111111,20.112222222222222,10,2,12.456,0.22093023255813954,1,1,1,1,1.617120323969984,M,primary,0-5,0.9117044226595786,0.5905961630007395,-0.6546536707079771,-0.5809339839117825,0.03799999999999996,midday,midday,midday,Random,midday,1;0+
3026,random-6,5,0.028,NA,NA,0.336,0,0,0.028,0.336,0.028,0.336,CM55,M-F43-C02,36,36m;02d,3;00.02,M,5,primary,primary,42412,08:19:52,2,27.8,34.4,5,unknown,Southern Mexico,no,agriculturalist,NA,16.1,23.63,1.1,7,12.305825178887165,4.573850796769731,1.523883926754995,3.0550504633038935,8.331111111111111,20.112222222222222,10,1,13.229,1,1,0,1,1,1.617120323969984,M,primary,0-5,0.9117044226595786,0.5905961630007395,-0.6546536707079771,-0.9831190496968628,0.1024166666666666,afternoon,afternoon,afternoon,Random,afternoon,1;0+
3026,random-7,5,2.736,NA,NA,32.832,2.392,28.704,0.344,4.128,0.918,11.016,CM55,M-F43-C02,36,36m;02d,3;00.02,M,5,primary,primary,42412,08:19:52,2,27.8,34.4,5,unknown,Southern Mexico,no,agriculturalist,NA,16.1,23.63,1.1,7,12.305825178887165,4.573850796769731,1.523883926754995,3.0550504633038935,8.331111111111111,20.112222222222222,10,4,16.283,0.12573099415204678,1,1,1,1,1.617120323969984,M,primary,0-5,0.9117044226595786,0.5905961630007395,-0.6546536707079771,0.2234361476583778,0.35691666666666677,afternoon,afternoon,afternoon,Random,afternoon,1;0+
3026,random-8,5,4.803,NA,NA,57.636,4.345,52.14,0.457,5.484000000000001,1.701,20.412,CM55,M-F43-C02,36,36m;02d,3;00.02,M,5,primary,primary,42412,08:19:52,2,27.8,34.4,5,unknown,Southern Mexico,no,agriculturalist,NA,16.1,23.63,1.1,7,12.305825178887165,4.573850796769731,1.523883926754995,3.0550504633038935,8.331111111111111,20.112222222222222,10,4,16.462,0.0951488652925255,1,1,1,1,1.617120323969984,M,primary,0-5,0.9117044226595786,0.5905961630007395,-0.6546536707079771,0.2234361476583778,0.3718333333333333,afternoon,afternoon,afternoon,Random,afternoon,1;0+
3026,random-9,5,3.317,NA,NA,39.804,3.233,38.79600000000001,0.084,1.0080000000000002,1.934,23.208,CM55,M-F43-C02,36,36m;02d,3;00.02,M,5,primary,primary,42412,08:19:52,2,27.8,34.4,5,unknown,Southern Mexico,no,agriculturalist,NA,16.1,23.63,1.1,7,12.305825178887165,4.573850796769731,1.523883926754995,3.0550504633038935,8.331111111111111,20.112222222222222,10,4,17.161,0.025324088031353633,1,1,1,1,1.617120323969984,M,primary,0-5,0.9117044226595786,0.5905961630007395,-0.6546536707079771,0.2234361476583778,0.43008333333333343,afternoon,afternoon,afternoon,Random,afternoon,1;0+
6216,random-1,5,0.924,NA,NA,11.088000000000001,0.03,0.36,0.895,10.74,0.895,10.74,CM25,M-F19-C01,27,26m;25d,2;02.25,F,5,primary,primary,32539,09:29:48,0,17.1,19.3,4,unknown,Southern Mexico,no,agriculturalist,NA,16.1,23.63,1.1,7,12.305825178887165,4.573850796769731,1.523883926754995,3.0550504633038935,9.496666666666666,18.53527777777778,8,1,9.765,0.9686147186147186,1,1,1,1,0.8857593734307952,F,primary,0-5,-1.4276810263709938,-0.7218397547786817,-0.9819805060619656,-0.9831190496968628,-0.18624999999999994,morning,morning,morning,Random,morning,1;0+
6216,random-2,5,1.41,NA,NA,16.919999999999998,0.03,0.36,1.379,16.548,1.379,16.548,CM25,M-F19-C01,27,26m;25d,2;02.25,F,5,primary,primary,32539,09:29:48,0,17.1,19.3,4,unknown,Southern Mexico,no,agriculturalist,NA,16.1,23.63,1.1,7,12.305825178887165,4.573850796769731,1.523883926754995,3.0550504633038935,9.496666666666666,18.53527777777778,8,1,10.264,0.9780141843971631,1,1,1,1,0.8857593734307952,F,primary,0-5,-1.4276810263709938,-0.7218397547786817,-0.9819805060619656,-0.9831190496968628,-0.14466666666666672,morning,morning,morning,Random,morning,1;0+
6216,random-3,5,0.337,NA,NA,4.0440000000000005,0,0,0.337,4.0440000000000005,0.337,4.0440000000000005,CM25,M-F19-C01,27,26m;25d,2;02.25,F,5,primary,primary,32539,09:29:48,0,17.1,19.3,4,unknown,Southern Mexico,no,agriculturalist,NA,16.1,23.63,1.1,7,12.305825178887165,4.573850796769731,1.523883926754995,3.0550504633038935,9.496666666666666,18.53527777777778,8,1,11.406,1,1,0,1,1,0.8857593734307952,F,primary,0-5,-1.4276810263709938,-0.7218397547786817,-0.9819805060619656,-0.9831190496968628,-0.049499999999999954,midday,midday,midday,Random,midday,1;0+
6216,random-4,5,1.223,NA,NA,14.676,1.223,14.676,0,0,0,0,CM25,M-F19-C01,27,26m;25d,2;02.25,F,5,primary,primary,32539,09:29:48,0,17.1,19.3,4,unknown,Southern Mexico,no,agriculturalist,NA,16.1,23.63,1.1,7,12.305825178887165,4.573850796769731,1.523883926754995,3.0550504633038935,9.496666666666666,18.53527777777778,8,2,13.197,0,1,1,0,0,0.8857593734307952,F,primary,0-5,-1.4276810263709938,-0.7218397547786817,-0.9819805060619656,-0.5809339839117825,0.09974999999999994,afternoon,afternoon,afternoon,Random,afternoon,1;0+
6216,random-5,5,0,NA,NA,0,0,0,0,0,0,0,CM25,M-F19-C01,27,26m;25d,2;02.25,F,5,primary,primary,32539,09:29:48,0,17.1,19.3,4,unknown,Southern Mexico,no,agriculturalist,NA,16.1,23.63,1.1,7,12.305825178887165,4.573850796769731,1.523883926754995,3.0550504633038935,9.496666666666666,18.53527777777778,8,0,13.312,NaN,0,0,0,0,0.8857593734307952,F,primary,0-5,-1.4276810263709938,-0.7218397547786817,-0.9819805060619656,-1.385304115481943,0.10933333333333328,afternoon,afternoon,afternoon,Random,afternoon,1;0+
6216,random-6,5,1.938,NA,NA,23.256,1.391,16.692,0.546,6.5520000000000005,0.546,6.5520000000000005,CM25,M-F19-C01,27,26m;25d,2;02.25,F,5,primary,primary,32539,09:29:48,0,17.1,19.3,4,unknown,Southern Mexico,no,agriculturalist,NA,16.1,23.63,1.1,7,12.305825178887165,4.573850796769731,1.523883926754995,3.0550504633038935,9.496666666666666,18.53527777777778,8,3,14.399,0.281733746130031,1,1,1,1,0.8857593734307952,F,primary,0-5,-1.4276810263709938,-0.7218397547786817,-0.9819805060619656,-0.17874891812670238,0.1999166666666666,afternoon,afternoon,afternoon,Random,afternoon,1;0+
6216,random-7,5,1.536,NA,NA,18.432000000000002,0.508,6.096,1.028,12.336,1.028,12.336,CM25,M-F19-C01,27,26m;25d,2;02.25,F,5,primary,primary,32539,09:29:48,0,17.1,19.3,4,unknown,Southern Mexico,no,agriculturalist,NA,16.1,23.63,1.1,7,12.305825178887165,4.573850796769731,1.523883926754995,3.0550504633038935,9.496666666666666,18.53527777777778,8,4,14.548,0.6692708333333334,1,1,1,1,0.8857593734307952,F,primary,0-5,-1.4276810263709938,-0.7218397547786817,-0.9819805060619656,0.2234361476583778,0.21233333333333335,afternoon,afternoon,afternoon,Random,afternoon,1;0+
6216,random-8,5,1.378,NA,NA,16.535999999999998,0.739,8.867999999999999,0.639,7.668,0.713,8.556000000000001,CM25,M-F19-C01,27,26m;25d,2;02.25,F,5,primary,primary,32539,09:29:48,0,17.1,19.3,4,unknown,Southern Mexico,no,agriculturalist,NA,16.1,23.63,1.1,7,12.305825178887165,4.573850796769731,1.523883926754995,3.0550504633038935,9.496666666666666,18.53527777777778,8,4,15.953,0.46371552975326563,1,1,1,1,0.8857593734307952,F,primary,0-5,-1.4276810263709938,-0.7218397547786817,-0.9819805060619656,0.2234361476583778,0.32941666666666664,afternoon,afternoon,afternoon,Random,afternoon,1;0+
6216,random-9,5,4.012,NA,NA,48.14399999999999,3.928,47.135999999999996,0.085,1.02,0.085,1.02,CM25,M-F19-C01,27,26m;25d,2;02.25,F,5,primary,primary,32539,09:29:48,0,17.1,19.3,4,unknown,Southern Mexico,no,agriculturalist,NA,16.1,23.63,1.1,7,12.305825178887165,4.573850796769731,1.523883926754995,3.0550504633038935,9.496666666666666,18.53527777777778,8,4,17.383,0.021186440677966104,1,1,1,1,0.8857593734307952,F,primary,0-5,-1.4276810263709938,-0.7218397547786817,-0.9819805060619656,0.2234361476583778,0.4485833333333333,afternoon,afternoon,afternoon,Random,afternoon,1;0+
7176,random-1,5,3.881,NA,NA,46.572,3.64,43.68,0.241,2.892,2.48,29.759999999999998,CM07,M-F05-C01,4,03m;18d,0;03.18,M,12,preparatory,preparatory,34852,08:24:07,1,21.6,25.5,8,unknown,Southern Mexico,no,agriculturalist,NA,16.1,23.63,1.1,7,12.305825178887165,4.573850796769731,1.523883926754995,3.0550504633038935,8.401944444444444,18.083055555555553,2,5,8.874,0.06209739757794383,1,1,1,1,-0.9832741668360206,M,preparatory,6+,-0.44382733285346326,-0.06562179588897112,0.32732683535398854,0.625621213443458,-0.26049999999999995,morning,morning,morning,Random,morning,Under 1;0
7176,random-2,5,0,NA,NA,0,0,0,0,0,0,0,CM07,M-F05-C01,4,03m;18d,0;03.18,M,12,preparatory,preparatory,34852,08:24:07,1,21.6,25.5,8,unknown,Southern Mexico,no,agriculturalist,NA,16.1,23.63,1.1,7,12.305825178887165,4.573850796769731,1.523883926754995,3.0550504633038935,8.401944444444444,18.083055555555553,2,0,10.393,NaN,0,0,0,0,-0.9832741668360206,M,preparatory,6+,-0.44382733285346326,-0.06562179588897112,0.32732683535398854,-1.385304115481943,-0.1339166666666666,morning,morning,morning,Random,morning,Under 1;0
7176,random-3,5,0,NA,NA,0,0,0,0,0,0,0,CM07,M-F05-C01,4,03m;18d,0;03.18,M,12,preparatory,preparatory,34852,08:24:07,1,21.6,25.5,8,unknown,Southern Mexico,no,agriculturalist,NA,16.1,23.63,1.1,7,12.305825178887165,4.573850796769731,1.523883926754995,3.0550504633038935,8.401944444444444,18.083055555555553,2,0,10.533,NaN,0,0,0,0,-0.9832741668360206,M,preparatory,6+,-0.44382733285346326,-0.06562179588897112,0.32732683535398854,-1.385304115481943,-0.12225000000000004,morning,morning,morning,Random,morning,Under 1;0
7176,random-4,5,0,NA,NA,0,0,0,0,0,0,0,CM07,M-F05-C01,4,03m;18d,0;03.18,M,12,preparatory,preparatory,34852,08:24:07,1,21.6,25.5,8,unknown,Southern Mexico,no,agriculturalist,NA,16.1,23.63,1.1,7,12.305825178887165,4.573850796769731,1.523883926754995,3.0550504633038935,8.401944444444444,18.083055555555553,2,0,11.168,NaN,0,0,0,0,-0.9832741668360206,M,preparatory,6+,-0.44382733285346326,-0.06562179588897112,0.32732683535398854,-1.385304115481943,-0.0693333333333334,midday,midday,midday,Random,midday,Under 1;0
7176,random-5,5,0,NA,NA,0,0,0,0,0,0,0,CM07,M-F05-C01,4,03m;18d,0;03.18,M,12,preparatory,preparatory,34852,08:24:07,1,21.6,25.5,8,unknown,Southern Mexico,no,agriculturalist,NA,16.1,23.63,1.1,7,12.305825178887165,4.573850796769731,1.523883926754995,3.0550504633038935,8.401944444444444,18.083055555555553,2,0,12.707,NaN,0,0,0,0,-0.9832741668360206,M,preparatory,6+,-0.44382733285346326,-0.06562179588897112,0.32732683535398854,-1.385304115481943,0.05891666666666673,midday,midday,midday,Random,midday,Under 1;0
7176,random-6,5,0,NA,NA,0,0,0,0,0,0,0,CM07,M-F05-C01,4,03m;18d,0;03.18,M,12,preparatory,preparatory,34852,08:24:07,1,21.6,25.5,8,unknown,Southern Mexico,no,agriculturalist,NA,16.1,23.63,1.1,7,12.305825178887165,4.573850796769731,1.523883926754995,3.0550504633038935,8.401944444444444,18.083055555555553,2,0,13.046,NaN,0,0,0,0,-0.9832741668360206,M,preparatory,6+,-0.44382733285346326,-0.06562179588897112,0.32732683535398854,-1.385304115481943,0.08716666666666661,afternoon,afternoon,afternoon,Random,afternoon,Under 1;0
7176,random-7,5,2.413,NA,NA,28.956,2.413,28.956,0,0,0.449,5.388,CM07,M-F05-C01,4,03m;18d,0;03.18,M,12,preparatory,preparatory,34852,08:24:07,1,21.6,25.5,8,unknown,Southern Mexico,no,agriculturalist,NA,16.1,23.63,1.1,7,12.305825178887165,4.573850796769731,1.523883926754995,3.0550504633038935,8.401944444444444,18.083055555555553,2,6,16.617,0,1,1,0,1,-0.9832741668360206,M,preparatory,6+,-0.44382733285346326,-0.06562179588897112,0.32732683535398854,1.0278062792285383,0.3847500000000001,afternoon,afternoon,afternoon,Random,afternoon,Under 1;0
7176,random-8,5,3.949,NA,NA,47.388,3.375,40.5,0.574,6.887999999999999,0.863,10.356,CM07,M-F05-C01,4,03m;18d,0;03.18,M,12,preparatory,preparatory,34852,08:24:07,1,21.6,25.5,8,unknown,Southern Mexico,no,agriculturalist,NA,16.1,23.63,1.1,7,12.305825178887165,4.573850796769731,1.523883926754995,3.0550504633038935,8.401944444444444,18.083055555555553,2,6,16.776,0.14535325398835147,1,1,1,1,-0.9832741668360206,M,preparatory,6+,-0.44382733285346326,-0.06562179588897112,0.32732683535398854,1.0278062792285383,0.39799999999999996,afternoon,afternoon,afternoon,Random,afternoon,Under 1;0
7176,random-9,5,4.13,NA,NA,49.559999999999995,4.13,49.559999999999995,0,0,0.567,6.803999999999999,CM07,M-F05-C01,4,03m;18d,0;03.18,M,12,preparatory,preparatory,34852,08:24:07,1,21.6,25.5,8,unknown,Southern Mexico,no,agriculturalist,NA,16.1,23.63,1.1,7,12.305825178887165,4.573850796769731,1.523883926754995,3.0550504633038935,8.401944444444444,18.083055555555553,2,6,17.249,0,1,1,0,1,-0.9832741668360206,M,preparatory,6+,-0.44382733285346326,-0.06562179588897112,0.32732683535398854,1.0278062792285383,0.43741666666666656,afternoon,afternoon,afternoon,Random,afternoon,Under 1;0
7220,random-1,5,7.019,NA,NA,84.228,5.024,60.288,1.995,23.94,2.97,35.64000000000001,CM17,M-F13-C01,22,22m;03d,1;10.03,F,12,preparatory,preparatory,35502,08:31:53,1,30.6,24.6,8,unknown,Southern Mexico,no,agriculturalist,NA,16.1,23.63,1.1,7,12.305825178887165,4.573850796769731,1.523883926754995,3.0550504633038935,8.53138888888889,18.393055555555556,7,5,9.091,0.28422852258156434,1,1,1,1,0.479447734242357,F,preparatory,6+,1.5238800541815978,-0.06562179588897112,0.32732683535398854,0.625621213443458,-0.24241666666666672,morning,morning,morning,Random,morning,1;0+
7220,random-2,5,6.036,NA,NA,72.43199999999999,4.205,50.46,1.831,21.971999999999998,2.114,25.368,CM17,M-F13-C01,22,22m;03d,1;10.03,F,12,preparatory,preparatory,35502,08:31:53,1,30.6,24.6,8,unknown,Southern Mexico,no,agriculturalist,NA,16.1,23.63,1.1,7,12.305825178887165,4.573850796769731,1.523883926754995,3.0550504633038935,8.53138888888889,18.393055555555556,7,6,9.2,0.30334658714380386,1,1,1,1,0.479447734242357,F,preparatory,6+,1.5238800541815978,-0.06562179588897112,0.32732683535398854,1.0278062792285383,-0.2333333333333334,morning,morning,morning,Random,morning,1;0+
7220,random-3,5,3.815,NA,NA,45.78,3.684,44.208,0.131,1.572,1.207,14.484,CM17,M-F13-C01,22,22m;03d,1;10.03,F,12,preparatory,preparatory,35502,08:31:53,1,30.6,24.6,8,unknown,Southern Mexico,no,agriculturalist,NA,16.1,23.63,1.1,7,12.305825178887165,4.573850796769731,1.523883926754995,3.0550504633038935,8.53138888888889,18.393055555555556,7,5,10.23,0.034338138925294893,1,1,1,1,0.479447734242357,F,preparatory,6+,1.5238800541815978,-0.06562179588897112,0.32732683535398854,0.625621213443458,-0.14749999999999996,morning,morning,morning,Random,morning,1;0+
7220,random-4,5,5.409,NA,NA,64.90799999999999,5.409,64.90799999999999,0,0,0.122,1.464,CM17,M-F13-C01,22,22m;03d,1;10.03,F,12,preparatory,preparatory,35502,08:31:53,1,30.6,24.6,8,unknown,Southern Mexico,no,agriculturalist,NA,16.1,23.63,1.1,7,12.305825178887165,4.573850796769731,1.523883926754995,3.0550504633038935,8.53138888888889,18.393055555555556,7,5,11.34,0,1,1,0,1,0.479447734242357,F,preparatory,6+,1.5238800541815978,-0.06562179588897112,0.32732683535398854,0.625621213443458,-0.055000000000000014,midday,midday,midday,Random,midday,1;0+
7220,random-5,5,1.91,NA,NA,22.92,1.608,19.296,0.302,3.6239999999999997,0.779,9.347999999999999,CM17,M-F13-C01,22,22m;03d,1;10.03,F,12,preparatory,preparatory,35502,08:31:53,1,30.6,24.6,8,unknown,Southern Mexico,no,agriculturalist,NA,16.1,23.63,1.1,7,12.305825178887165,4.573850796769731,1.523883926754995,3.0550504633038935,8.53138888888889,18.393055555555556,7,6,12.819,0.1581151832460733,1,1,1,1,0.479447734242357,F,preparatory,6+,1.5238800541815978,-0.06562179588897112,0.32732683535398854,1.0278062792285383,0.06825000000000007,midday,midday,midday,Random,midday,1;0+
7220,random-6,5,4.472,NA,NA,53.664,4.472,53.664,0,0,0,0,CM17,M-F13-C01,22,22m;03d,1;10.03,F,12,preparatory,preparatory,35502,08:31:53,1,30.6,24.6,8,unknown,Southern Mexico,no,agriculturalist,NA,16.1,23.63,1.1,7,12.305825178887165,4.573850796769731,1.523883926754995,3.0550504633038935,8.53138888888889,18.393055555555556,7,3,13.168,0,1,1,0,0,0.479447734242357,F,preparatory,6+,1.5238800541815978,-0.06562179588897112,0.32732683535398854,-0.17874891812670238,0.09733333333333327,afternoon,afternoon,afternoon,Random,afternoon,1;0+
7220,random-7,5,0.053,NA,NA,0.636,0.053,0.636,0,0,0.011,0.13199999999999998,CM17,M-F13-C01,22,22m;03d,1;10.03,F,12,preparatory,preparatory,35502,08:31:53,1,30.6,24.6,8,unknown,Southern Mexico,no,agriculturalist,NA,16.1,23.63,1.1,7,12.305825178887165,4.573850796769731,1.523883926754995,3.0550504633038935,8.53138888888889,18.393055555555556,7,2,13.687,0,1,1,0,1,0.479447734242357,F,preparatory,6+,1.5238800541815978,-0.06562179588897112,0.32732683535398854,-0.5809339839117825,0.14058333333333328,afternoon,afternoon,afternoon,Random,afternoon,1;0+
7220,random-8,5,4.072,NA,NA,48.864000000000004,4.072,48.864000000000004,0,0,0.062,0.744,CM17,M-F13-C01,22,22m;03d,1;10.03,F,12,preparatory,preparatory,35502,08:31:53,1,30.6,24.6,8,unknown,Southern Mexico,no,agriculturalist,NA,16.1,23.63,1.1,7,12.305825178887165,4.573850796769731,1.523883926754995,3.0550504633038935,8.53138888888889,18.393055555555556,7,4,14.78,0,1,1,0,1,0.479447734242357,F,preparatory,6+,1.5238800541815978,-0.06562179588897112,0.32732683535398854,0.2234361476583778,0.2316666666666666,afternoon,afternoon,afternoon,Random,afternoon,1;0+
7220,random-9,5,3.663,NA,NA,43.955999999999996,3.573,42.876,0.09,1.0799999999999998,1.695,20.34,CM17,M-F13-C01,22,22m;03d,1;10.03,F,12,preparatory,preparatory,35502,08:31:53,1,30.6,24.6,8,unknown,Southern Mexico,no,agriculturalist,NA,16.1,23.63,1.1,7,12.305825178887165,4.573850796769731,1.523883926754995,3.0550504633038935,8.53138888888889,18.393055555555556,7,7,17.028,0.024570024570024572,1,1,1,1,0.479447734242357,F,preparatory,6+,1.5238800541815978,-0.06562179588897112,0.32732683535398854,1.4299913450136184,0.4189999999999999,afternoon,afternoon,afternoon,Random,afternoon,1;0+
7326,random-1,5,5.794,NA,NA,69.52799999999999,5.763,69.156,0.03,0.36,0.363,4.356,CM04,M-F03-C01,14,14m;10d,1;02.10,M,0,none,primary,32899,09:21:53,0,20.6,35.6,8,unknown,Southern Mexico,no,agriculturalist,Parental DOBs estimated,16.1,23.63,1.1,7,12.305825178887165,4.573850796769731,1.523883926754995,3.0550504633038935,9.364722222222222,18.50333333333333,6,8,10.415,0.005177770107007249,1,1,1,1,-0.17065088845914417,M,none,0-5,-0.6624614869684701,-0.7218397547786817,0.32732683535398854,1.8321764107986986,-0.1320833333333334,morning,morning,morning,Random,morning,1;0+
7326,random-2,5,1.026,NA,NA,12.312,0.476,5.712,0.55,6.6000000000000005,0.791,9.492,CM04,M-F03-C01,14,14m;10d,1;02.10,M,0,none,primary,32899,09:21:53,0,20.6,35.6,8,unknown,Southern Mexico,no,agriculturalist,Parental DOBs estimated,16.1,23.63,1.1,7,12.305825178887165,4.573850796769731,1.523883926754995,3.0550504633038935,9.364722222222222,18.50333333333333,6,3,11.286,0.5360623781676414,1,1,1,1,-0.17065088845914417,M,none,0-5,-0.6624614869684701,-0.7218397547786817,0.32732683535398854,-0.17874891812670238,-0.05950000000000003,midday,midday,midday,Random,midday,1;0+
7326,random-3,5,2.724,NA,NA,32.688,2.684,32.208000000000006,0.04,0.48,0.128,1.536,CM04,M-F03-C01,14,14m;10d,1;02.10,M,0,none,primary,32899,09:21:53,0,20.6,35.6,8,unknown,Southern Mexico,no,agriculturalist,Parental DOBs estimated,16.1,23.63,1.1,7,12.305825178887165,4.573850796769731,1.523883926754995,3.0550504633038935,9.364722222222222,18.50333333333333,6,6,12.081,0.014684287812041116,1,1,1,1,-0.17065088845914417,M,none,0-5,-0.6624614869684701,-0.7218397547786817,0.32732683535398854,1.0278062792285383,0.00674999999999996,midday,midday,midday,Random,midday,1;0+
7326,random-4,5,0,NA,NA,0,0,0,0,0,0,0,CM04,M-F03-C01,14,14m;10d,1;02.10,M,0,none,primary,32899,09:21:53,0,20.6,35.6,8,unknown,Southern Mexico,no,agriculturalist,Parental DOBs estimated,16.1,23.63,1.1,7,12.305825178887165,4.573850796769731,1.523883926754995,3.0550504633038935,9.364722222222222,18.50333333333333,6,0,12.774,NaN,0,0,0,0,-0.17065088845914417,M,none,0-5,-0.6624614869684701,-0.7218397547786817,0.32732683535398854,-1.385304115481943,0.06449999999999993,midday,midday,midday,Random,midday,1;0+
7326,random-5,5,2.53,NA,NA,30.36,1.732,20.784,0.798,9.576,1.137,13.644,CM04,M-F03-C01,14,14m;10d,1;02.10,M,0,none,primary,32899,09:21:53,0,20.6,35.6,8,unknown,Southern Mexico,no,agriculturalist,Parental DOBs estimated,16.1,23.63,1.1,7,12.305825178887165,4.573850796769731,1.523883926754995,3.0550504633038935,9.364722222222222,18.50333333333333,6,3,13.486,0.3154150197628459,1,1,1,1,-0.17065088845914417,M,none,0-5,-0.6624614869684701,-0.7218397547786817,0.32732683535398854,-0.17874891812670238,0.12383333333333339,afternoon,afternoon,afternoon,Random,afternoon,1;0+
7326,random-6,5,1.659,NA,NA,19.907999999999998,0.775,9.3,0.885,10.62,1.25,15,CM04,M-F03-C01,14,14m;10d,1;02.10,M,0,none,primary,32899,09:21:53,0,20.6,35.6,8,unknown,Southern Mexico,no,agriculturalist,Parental DOBs estimated,16.1,23.63,1.1,7,12.305825178887165,4.573850796769731,1.523883926754995,3.0550504633038935,9.364722222222222,18.50333333333333,6,3,14.463,0.5334538878842676,1,1,1,1,-0.17065088845914417,M,none,0-5,-0.6624614869684701,-0.7218397547786817,0.32732683535398854,-0.17874891812670238,0.20524999999999993,afternoon,afternoon,afternoon,Random,afternoon,1;0+
7326,random-7,5,0,NA,NA,0,0,0,0,0,0,0,CM04,M-F03-C01,14,14m;10d,1;02.10,M,0,none,primary,32899,09:21:53,0,20.6,35.6,8,unknown,Southern Mexico,no,agriculturalist,Parental DOBs estimated,16.1,23.63,1.1,7,12.305825178887165,4.573850796769731,1.523883926754995,3.0550504633038935,9.364722222222222,18.50333333333333,6,0,15.786,NaN,0,0,0,0,-0.17065088845914417,M,none,0-5,-0.6624614869684701,-0.7218397547786817,0.32732683535398854,-1.385304115481943,0.31549999999999995,afternoon,afternoon,afternoon,Random,afternoon,1;0+
7326,random-8,5,0.108,NA,NA,1.296,0,0,0.108,1.296,0.108,1.296,CM04,M-F03-C01,14,14m;10d,1;02.10,M,0,none,primary,32899,09:21:53,0,20.6,35.6,8,unknown,Southern Mexico,no,agriculturalist,Parental DOBs estimated,16.1,23.63,1.1,7,12.305825178887165,4.573850796769731,1.523883926754995,3.0550504633038935,9.364722222222222,18.50333333333333,6,1,16.864,1,1,0,1,1,-0.17065088845914417,M,none,0-5,-0.6624614869684701,-0.7218397547786817,0.32732683535398854,-0.9831190496968628,0.4053333333333334,afternoon,afternoon,afternoon,Random,afternoon,1;0+
7326,random-9,5,1.302,NA,NA,15.624,0.011,0.13199999999999998,1.291,15.491999999999999,1.291,15.491999999999999,CM04,M-F03-C01,14,14m;10d,1;02.10,M,0,none,primary,32899,09:21:53,0,20.6,35.6,8,unknown,Southern Mexico,no,agriculturalist,Parental DOBs estimated,16.1,23.63,1.1,7,12.305825178887165,4.573850796769731,1.523883926754995,3.0550504633038935,9.364722222222222,18.50333333333333,6,1,16.969,0.9915514592933947,1,1,1,1,-0.17065088845914417,M,none,0-5,-0.6624614869684701,-0.7218397547786817,0.32732683535398854,-0.9831190496968628,0.4140833333333334,afternoon,afternoon,afternoon,Random,afternoon,1;0+
8179,random-1,5,3.059,NA,NA,36.708,3.059,36.708,0,0,0.441,5.292,CM11,M-F08-C01,6,05m;29d,0;05.29,F,8,secondary,preparatory,35983,08:24:53,0,17.1,22.1,14,unknown,Southern Mexico,no,agriculturalist,NA,16.1,23.63,1.1,7,12.305825178887165,4.573850796769731,1.523883926754995,3.0550504633038935,8.414722222222222,18.41,3,6,8.835,0,1,1,0,1,-0.8207495111606453,F,secondary,6+,-1.4276810263709938,-0.7218397547786817,2.29128784747792,1.0278062792285383,-0.26374999999999993,morning,morning,morning,Random,morning,Under 1;0
8179,random-2,5,3,NA,NA,36,2.981,35.772,0.019,0.228,0.185,2.2199999999999998,CM11,M-F08-C01,6,05m;29d,0;05.29,F,8,secondary,preparatory,35983,08:24:53,0,17.1,22.1,14,unknown,Southern Mexico,no,agriculturalist,NA,16.1,23.63,1.1,7,12.305825178887165,4.573850796769731,1.523883926754995,3.0550504633038935,8.414722222222222,18.41,3,7,9.058,0.006333333333333333,1,1,1,1,-0.8207495111606453,F,secondary,6+,-1.4276810263709938,-0.7218397547786817,2.29128784747792,1.4299913450136184,-0.24516666666666667,morning,morning,morning,Random,morning,Under 1;0
8179,random-3,5,2.554,NA,NA,30.647999999999996,2.442,29.304000000000002,0.112,1.344,1.49,17.88,CM11,M-F08-C01,6,05m;29d,0;05.29,F,8,secondary,preparatory,35983,08:24:53,0,17.1,22.1,14,unknown,Southern Mexico,no,agriculturalist,NA,16.1,23.63,1.1,7,12.305825178887165,4.573850796769731,1.523883926754995,3.0550504633038935,8.414722222222222,18.41,3,8,10.191,0.043852779953014884,1,1,1,1,-0.8207495111606453,F,secondary,6+,-1.4276810263709938,-0.7218397547786817,2.29128784747792,1.8321764107986986,-0.15074999999999994,morning,morning,morning,Random,morning,Under 1;0
8179,random-4,5,4.568,NA,NA,54.815999999999995,4.568,54.815999999999995,0,0,1.272,15.264000000000001,CM11,M-F08-C01,6,05m;29d,0;05.29,F,8,secondary,preparatory,35983,08:24:53,0,17.1,22.1,14,unknown,Southern Mexico,no,agriculturalist,NA,16.1,23.63,1.1,7,12.305825178887165,4.573850796769731,1.523883926754995,3.0550504633038935,8.414722222222222,18.41,3,9,12.255,0,1,1,0,1,-0.8207495111606453,F,secondary,6+,-1.4276810263709938,-0.7218397547786817,2.29128784747792,2.234361476583779,0.021250000000000064,midday,midday,midday,Random,midday,Under 1;0
8179,random-5,5,6.118,NA,NA,73.416,6.03,72.36,0.088,1.0559999999999998,1.943,23.316,CM11,M-F08-C01,6,05m;29d,0;05.29,F,8,secondary,preparatory,35983,08:24:53,0,17.1,22.1,14,unknown,Southern Mexico,no,agriculturalist,NA,16.1,23.63,1.1,7,12.305825178887165,4.573850796769731,1.523883926754995,3.0550504633038935,8.414722222222222,18.41,3,10,12.929,0.014383785550833604,1,1,1,1,-0.8207495111606453,F,secondary,6+,-1.4276810263709938,-0.7218397547786817,2.29128784747792,2.6365465423688588,0.07741666666666669,midday,midday,midday,Random,midday,Under 1;0
8179,random-6,5,3.904,NA,NA,46.848,3.803,45.635999999999996,0.101,1.2120000000000002,0.497,5.964,CM11,M-F08-C01,6,05m;29d,0;05.29,F,8,secondary,preparatory,35983,08:24:53,0,17.1,22.1,14,unknown,Southern Mexico,no,agriculturalist,NA,16.1,23.63,1.1,7,12.305825178887165,4.573850796769731,1.523883926754995,3.0550504633038935,8.414722222222222,18.41,3,7,14.243,0.025870901639344263,1,1,1,1,-0.8207495111606453,F,secondary,6+,-1.4276810263709938,-0.7218397547786817,2.29128784747792,1.4299913450136184,0.1869166666666667,afternoon,afternoon,afternoon,Random,afternoon,Under 1;0
8179,random-7,5,3.064,NA,NA,36.768,2.692,32.304,0.373,4.476,0.691,8.292,CM11,M-F08-C01,6,05m;29d,0;05.29,F,8,secondary,preparatory,35983,08:24:53,0,17.1,22.1,14,unknown,Southern Mexico,no,agriculturalist,NA,16.1,23.63,1.1,7,12.305825178887165,4.573850796769731,1.523883926754995,3.0550504633038935,8.414722222222222,18.41,3,7,16.456,0.12173629242819843,1,1,1,1,-0.8207495111606453,F,secondary,6+,-1.4276810263709938,-0.7218397547786817,2.29128784747792,1.4299913450136184,0.3713333333333333,afternoon,afternoon,afternoon,Random,afternoon,Under 1;0
8179,random-8,5,1.531,NA,NA,18.372,1.21,14.52,0.321,3.8520000000000003,0.913,10.956000000000001,CM11,M-F08-C01,6,05m;29d,0;05.29,F,8,secondary,preparatory,35983,08:24:53,0,17.1,22.1,14,unknown,Southern Mexico,no,agriculturalist,NA,16.1,23.63,1.1,7,12.305825178887165,4.573850796769731,1.523883926754995,3.0550504633038935,8.414722222222222,18.41,3,7,16.748,0.20966688438928807,1,1,1,1,-0.8207495111606453,F,secondary,6+,-1.4276810263709938,-0.7218397547786817,2.29128784747792,1.4299913450136184,0.3956666666666668,afternoon,afternoon,afternoon,Random,afternoon,Under 1;0
8179,random-9,5,2.497,NA,NA,29.964,2.176,26.112000000000002,0.321,3.8520000000000003,0.437,5.244000000000001,CM11,M-F08-C01,6,05m;29d,0;05.29,F,8,secondary,preparatory,35983,08:24:53,0,17.1,22.1,14,unknown,Southern Mexico,no,agriculturalist,NA,16.1,23.63,1.1,7,12.305825178887165,4.573850796769731,1.523883926754995,3.0550504633038935,8.414722222222222,18.41,3,7,17.093,0.12855426511814178,1,1,1,1,-0.8207495111606453,F,secondary,6+,-1.4276810263709938,-0.7218397547786817,2.29128784747792,1.4299913450136184,0.42441666666666666,afternoon,afternoon,afternoon,Random,afternoon,Under 1;0
8787,random-1,5,5.596,NA,NA,67.152,5.32,63.84,0.276,3.3120000000000003,0.613,7.356,CM38,M-F29-C01,11,10m;21d,0;10.21,M,8,secondary,secondary,37785,07:55:28,1,23.5,23.3,4,unknown,Southern Mexico,no,agriculturalist,NA,16.1,23.63,1.1,7,12.305825178887165,4.573850796769731,1.523883926754995,3.0550504633038935,7.924444444444445,18.420277777777777,5,6,8.984,0.04932094353109364,1,1,1,1,-0.4144378719722071,M,secondary,6+,-0.028422440034950664,-0.06562179588897112,-0.9819805060619656,1.0278062792285383,-0.25133333333333335,morning,morning,morning,Random,morning,Under 1;0
8787,random-2,5,1.956,NA,NA,23.472,1.665,19.98,0.291,3.4919999999999995,0.291,3.4919999999999995,CM38,M-F29-C01,11,10m;21d,0;10.21,M,8,secondary,secondary,37785,07:55:28,1,23.5,23.3,4,unknown,Southern Mexico,no,agriculturalist,NA,16.1,23.63,1.1,7,12.305825178887165,4.573850796769731,1.523883926754995,3.0550504633038935,7.924444444444445,18.420277777777777,5,2,9.561,0.14877300613496933,1,1,1,1,-0.4144378719722071,M,secondary,6+,-0.028422440034950664,-0.06562179588897112,-0.9819805060619656,-0.5809339839117825,-0.20325000000000001,morning,morning,morning,Random,morning,Under 1;0
8787,random-3,5,0,NA,NA,0,0,0,0,0,0,0,CM38,M-F29-C01,11,10m;21d,0;10.21,M,8,secondary,secondary,37785,07:55:28,1,23.5,23.3,4,unknown,Southern Mexico,no,agriculturalist,NA,16.1,23.63,1.1,7,12.305825178887165,4.573850796769731,1.523883926754995,3.0550504633038935,7.924444444444445,18.420277777777777,5,0,11.365,NaN,0,0,0,0,-0.4144378719722071,M,secondary,6+,-0.028422440034950664,-0.06562179588897112,-0.9819805060619656,-1.385304115481943,-0.05291666666666665,midday,midday,midday,Random,midday,Under 1;0
8787,random-4,5,0.517,NA,NA,6.204000000000001,0.517,6.204000000000001,0,0,0.517,6.204000000000001,CM38,M-F29-C01,11,10m;21d,0;10.21,M,8,secondary,secondary,37785,07:55:28,1,23.5,23.3,4,unknown,Southern Mexico,no,agriculturalist,NA,16.1,23.63,1.1,7,12.305825178887165,4.573850796769731,1.523883926754995,3.0550504633038935,7.924444444444445,18.420277777777777,5,1,11.939,0,1,1,0,1,-0.4144378719722071,M,secondary,6+,-0.028422440034950664,-0.06562179588897112,-0.9819805060619656,-0.9831190496968628,-0.005083333333333329,midday,midday,midday,Random,midday,Under 1;0
8787,random-5,5,0.372,NA,NA,4.4639999999999995,0,0,0.372,4.4639999999999995,0.372,4.4639999999999995,CM38,M-F29-C01,11,10m;21d,0;10.21,M,8,secondary,secondary,37785,07:55:28,1,23.5,23.3,4,unknown,Southern Mexico,no,agriculturalist,NA,16.1,23.63,1.1,7,12.305825178887165,4.573850796769731,1.523883926754995,3.0550504633038935,7.924444444444445,18.420277777777777,5,1,12.027,1,1,0,1,1,-0.4144378719722071,M,secondary,6+,-0.028422440034950664,-0.06562179588897112,-0.9819805060619656,-0.9831190496968628,0.0022499999999999374,midday,midday,midday,Random,midday,Under 1;0
8787,random-6,5,3.012,NA,NA,36.144000000000005,1.815,21.78,1.197,14.364,1.473,17.676000000000002,CM38,M-F29-C01,11,10m;21d,0;10.21,M,8,secondary,secondary,37785,07:55:28,1,23.5,23.3,4,unknown,Southern Mexico,no,agriculturalist,NA,16.1,23.63,1.1,7,12.305825178887165,4.573850796769731,1.523883926754995,3.0550504633038935,7.924444444444445,18.420277777777777,5,3,13.274,0.3974103585657371,1,1,1,1,-0.4144378719722071,M,secondary,6+,-0.028422440034950664,-0.06562179588897112,-0.9819805060619656,-0.17874891812670238,0.10616666666666659,afternoon,afternoon,afternoon,Random,afternoon,Under 1;0
8787,random-7,5,2.112,NA,NA,25.344,1.685,20.220000000000002,0.428,5.136,1.195,14.340000000000002,CM38,M-F29-C01,11,10m;21d,0;10.21,M,8,secondary,secondary,37785,07:55:28,1,23.5,23.3,4,unknown,Southern Mexico,no,agriculturalist,NA,16.1,23.63,1.1,7,12.305825178887165,4.573850796769731,1.523883926754995,3.0550504633038935,7.924444444444445,18.420277777777777,5,6,15.009,0.20265151515151514,1,1,1,1,-0.4144378719722071,M,secondary,6+,-0.028422440034950664,-0.06562179588897112,-0.9819805060619656,1.0278062792285383,0.25075000000000003,afternoon,afternoon,afternoon,Random,afternoon,Under 1;0
8787,random-8,5,4.378,NA,NA,52.536,4.26,51.12,0.118,1.416,0.589,7.068,CM38,M-F29-C01,11,10m;21d,0;10.21,M,8,secondary,secondary,37785,07:55:28,1,23.5,23.3,4,unknown,Southern Mexico,no,agriculturalist,NA,16.1,23.63,1.1,7,12.305825178887165,4.573850796769731,1.523883926754995,3.0550504633038935,7.924444444444445,18.420277777777777,5,7,15.418,0.0269529465509365,1,1,1,1,-0.4144378719722071,M,secondary,6+,-0.028422440034950664,-0.06562179588897112,-0.9819805060619656,1.4299913450136184,0.28483333333333327,afternoon,afternoon,afternoon,Random,afternoon,Under 1;0
8787,random-9,5,5.117,NA,NA,61.404,4.802,57.623999999999995,0.315,3.7800000000000002,1.17,14.04,CM38,M-F29-C01,11,10m;21d,0;10.21,M,8,secondary,secondary,37785,07:55:28,1,23.5,23.3,4,unknown,Southern Mexico,no,agriculturalist,NA,16.1,23.63,1.1,7,12.305825178887165,4.573850796769731,1.523883926754995,3.0550504633038935,7.924444444444445,18.420277777777777,5,6,16.082,0.06155950752393981,1,1,1,1,-0.4144378719722071,M,secondary,6+,-0.028422440034950664,-0.06562179588897112,-0.9819805060619656,1.0278062792285383,0.34016666666666673,afternoon,afternoon,afternoon,Random,afternoon,Under 1;0
